112,2019-07-07,Hierba,32,A
209,1998-04-04,Tierra batida,32,A
72,1998-03-03,Dura,32,A
134,1991-09-09,Moqueta,48,A
19,2021-05-05,Tierra batida,32,A
38,2012-02-02,Tierra batida,32,A
65,1995-04-04,Tierra batida,32,A
98,2012-02-02,Dura,28,A
48,2011-01-01,Dura,32,A
135,2009-10-10,Dura,32,A
116,1997-04-04,Tierra batida,32,A
53,2017-01-01,Dura,32,A
188,2001-04-04,Tierra batida,32,A
7,1991-09-09,Tierra batida,32,A
99,1996-06-06,Tierra batida,32,A
185,2019-02-02,Dura,32,A
28,2018-02-02,Dura,32,A
205,1997-02-02,Moqueta,32,A
188,2014-04-04,Tierra batida,28,A
50,1991-01-01,Dura,32,A
70,2001-02-02,Tierra batida,32,A
148,2004-05-05,Tierra batida,64,M
55,1994-10-10,Moqueta,48,M
100,1996-06-06,Hierba,128,G
188,2003-04-04,Tierra batida,32,A
4,2006-10-10,Moqueta,48,M
131,2010-05-05,Tierra batida,32,A
193,2000-03-03,Dura,64,M
190,2021-01-01,Dura,32,A
110,2021-04-04,Tierra batida,32,A
136,2006-07-07,Tierra batida,32,A
119,1995-07-07,Tierra batida,32,A
4,2011-11-11,Dura,48,M
194,2011-02-02,Dura,32,A
104,2001-04-04,Tierra batida,32,A
26,1999-08-08,Dura,56,M
35,2022-01-01,Dura,128,G
100,1998-06-06,Hierba,128,G
89,1992-04-04,Tierra batida,56,A
19,2016-05-05,Tierra batida,32,A
13,1995-04-04,Dura,32,A
111,2003-07-07,Dura,48,A
185,2009-02-02,Dura,32,A
119,1993-07-07,Tierra batida,32,A
28,2020-02-02,Dura,32,A
7,1994-09-09,Tierra batida,32,A
98,2002-02-02,Dura,32,A
137,1993-04-04,Tierra batida,32,A
148,1996-05-05,Tierra batida,64,M
154,2006-09-09,Dura,32,A
146,1999-10-10,Dura,48,M
112,2013-07-07,Hierba,32,A
94,2019-01-01,Dura,32,A
165,1991-08-08,Dura,56,A
152,1995-08-08,Dura,56,A
163,1998-04-04,Tierra batida,32,A
124,2017-09-09,Dura,32,A
193,2022-03-03,Dura,128,M
33,2016-01-01,Dura,32,A
97,2014-02-02,Dura,28,A
69,2000-09-09,Dura,64,A
194,2012-02-02,Dura,32,A
95,2010-09-09,Dura,28,A
41,1993-10-10,Moqueta,32,A
63,1992-07-07,Tierra batida,64,A
53,2007-01-01,Dura,32,A
186,1995-10-10,Moqueta,32,A
178,2000-09-09,Tierra batida,32,A
46,1995-07-07,Dura,32,A
12,2000-03-03,Dura,96,M
133,2016-04-04,Tierra batida,32,A
122,1994-08-08,Dura,32,A
199,1995-02-02,Moqueta,32,A
33,2000-01-01,Dura,32,A
107,1995-10-10,Moqueta,32,A
188,2006-05-05,Tierra batida,32,A
29,2008-07-07,Tierra batida,28,A
100,2010-06-06,Hierba,128,G
94,2000-01-01,Dura,32,A
47,1995-06-06,Hierba,56,A
27,2007-10-10,Dura,48,M
65,2006-05-05,Tierra batida,32,A
120,1996-05-05,Tierra batida,56,M
58,1995-02-02,Dura,32,A
112,1995-07-07,Hierba,32,A
43,2018-02-02,Tierra batida,32,A
201,2002-02-02,Tierra batida,32,A
193,1999-03-03,Dura,56,M
178,2016-04-04,Tierra batida,32,A
118,2015-04-04,Tierra batida,56,M
190,2016-02-02,Dura,32,A
171,2015-08-08,Dura,48,A
81,2010-02-02,Dura,32,A
85,2010-02-02,Tierra batida,32,A
199,2003-02-02,Dura,32,A
164,1992-03-03,Dura,32,A
12,2008-03-03,Dura,96,M
125,1997-10-10,Tierra batida,32,A
100,2023-07-07,Hierba,128,G
197,2021-11-11,Dura,8,F
65,2017-05-05,Tierra batida,32,A
197,2019-11-11,Dura,8,F
148,2005-05-05,Tierra batida,64,M
167,1996-12-12,Moqueta,16,A
89,1997-04-04,Tierra batida,56,A
183,1992-06-06,Hierba,32,A
58,2013-02-02,Dura,28,A
41,2010-10-10,Dura,28,A
178,2006-09-09,Tierra batida,32,A
190,2010-02-02,Dura,32,A
91,1992-10-10,Tierra batida,32,A
41,2022-10-10,Dura,32,A
1,1999-10-10,Moqueta,48,A
36,1993-03-03,Dura,32,A
46,1994-08-08,Dura,32,A
187,2017-07-07,Tierra batida,32,A
117,2016-10-10,Dura,32,A
41,2013-10-10,Dura,28,A
111,2005-08-08,Dura,48,A
57,1999-03-03,Moqueta,32,A
197,1991-11-11,Moqueta,8,F
112,1999-07-07,Hierba,32,A
109,1991-07-07,Tierra batida,32,A
95,2015-09-09,Dura,28,A
35,2007-01-01,Dura,128,G
196,2000-07-07,Tierra batida,32,A
24,2019-02-02,Tierra batida,32,A
41,2002-10-10,Dura,32,A
118,2000-04-04,Tierra batida,64,M
89,2008-04-04,Tierra batida,56,A
121,2021-11-11,Dura,8,A
165,1998-08-08,Dura,56,A
82,2022-10-10,Dura,32,A
5,1998-08-08,Dura,32,A
125,2015-07-07,Dura,28,A
179,1999-06-06,Hierba,32,A
20,1999-06-06,Hierba,32,A
212,1995-02-02,Moqueta,32,A
23,1995-04-04,Dura,32,A
3,1993-04-04,Tierra batida,32,A
102,2014-06-06,Hierba,28,A
25,2008-07-07,Tierra batida,28,A
43,2017-02-02,Tierra batida,32,A
141,2003-09-09,Dura,32,A
131,1993-05-05,Tierra batida,32,A
1,2002-10-10,Moqueta,32,A
106,2001-08-08,Dura,128,G
1,2018-05-05,Tierra batida,32,A
30,1994-01-01,Dura,32,A
118,2002-04-04,Tierra batida,64,M
188,1993-04-04,Tierra batida,32,A
117,1993-11-11,Moqueta,32,A
190,2009-02-02,Dura,32,A
165,1994-08-08,Dura,56,A
13,2011-01-01,Dura,32,A
102,2017-06-06,Hierba,32,A
112,1997-07-07,Hierba,32,A
178,2005-09-09,Tierra batida,32,A
34,1991-02-02,Moqueta,48,A
80,1997-06-06,Hierba,32,A
163,2018-07-07,Dura,32,A
159,1995-04-04,Tierra batida,32,A
2,1997-09-09,Dura,32,A
199,1992-02-02,Moqueta,32,A
112,2022-07-07,Hierba,32,A
106,2014-08-08,Dura,128,G
153,1992-04-04,Dura,32,A
206,1998-10-10,Tierra batida,32,A
136,2004-07-07,Tierra batida,32,A
67,1997-07-07,Tierra batida,48,A
12,2012-03-03,Dura,96,M
85,1996-11-11,Tierra batida,32,A
187,2019-07-07,Tierra batida,32,A
152,2008-07-07,Dura,32,A
192,2018-12-12,Dura,32,A
3,1991-04-04,Tierra batida,32,A
33,2015-01-01,Dura,32,A
148,1992-05-05,Tierra batida,64,M
47,1991-06-06,Hierba,56,A
180,2002-12-12,Dura,32,A
194,1998-02-02,Dura,48,A
98,1999-02-02,Dura,32,A
204,2010-04-04,Tierra batida,28,A
123,2018-09-09,Dura,8,A
29,2005-07-07,Tierra batida,32,A
136,1992-08-08,Tierra batida,32,A
67,2001-07-07,Tierra batida,48,A
67,2003-07-07,Tierra batida,48,A
75,2020-10-10,Dura,32,A
152,1998-08-08,Dura,56,A
9,2018-08-08,Dura,64,M
65,2016-04-04,Tierra batida,32,A
168,2020-10-10,Dura,32,A
94,2017-01-01,Dura,32,A
132,1991-10-10,Dura,32,A
118,2013-04-04,Tierra batida,56,M
131,2008-05-05,Tierra batida,32,A
45,2018-10-10,Dura,32,A
84,1993-03-03,Dura,32,A
26,2018-08-08,Dura,64,M
41,2012-10-10,Dura,28,A
179,2008-06-06,Hierba,32,A
116,2000-05-05,Tierra batida,32,A
71,1991-02-02,Moqueta,32,A
79,2017-10-10,Dura,32,A
117,2003-09-09,Moqueta,32,A
198,2005-05-05,Tierra batida,128,G
104,2021-06-06,Hierba,32,A
45,2007-10-10,Dura,32,A
98,2013-02-02,Dura,28,A
199,1996-03-03,Moqueta,32,A
65,2008-04-04,Tierra batida,32,A
4,2010-11-11,Dura,48,M
70,2014-02-02,Tierra batida,28,A
1,2005-10-10,Moqueta,32,A
178,2001-09-09,Tierra batida,32,A
194,2003-02-02,Dura,32,A
179,2023-06-06,Hierba,32,A
153,1994-04-04,Dura,32,A
184,1991-04-04,Tierra batida,32,A
167,1992-12-12,Moqueta,16,A
1,2008-10-10,Moqueta,32,A
33,1998-01-01,Dura,32,A
167,1993-12-12,Moqueta,16,A
118,2022-04-04,Tierra batida,64,M
129,1992-09-09,Dura,32,A
180,1993-01-01,Dura,32,A
59,2014-02-02,Tierra batida,32,A
20,2003-06-06,Hierba,32,A
112,1998-07-07,Hierba,32,A
47,2000-06-06,Hierba,56,A
33,2001-12-12,Dura,32,A
179,2002-06-06,Hierba,32,A
186,2004-09-09,Dura,32,A
192,2020-02-02,Dura,32,A
178,1997-09-09,Tierra batida,32,A
206,1993-02-02,Tierra batida,32,A
27,2016-05-05,Tierra batida,64,M
23,2022-09-09,Dura,32,A
114,1994-09-09,Moqueta,32,A
112,2021-07-07,Hierba,32,A
119,2005-07-07,Tierra batida,32,A
120,1998-05-05,Tierra batida,56,M
101,2014-06-06,Hierba,32,A
135,2015-10-10,Dura,32,A
199,2009-02-02,Dura,32,A
194,2002-02-02,Dura,32,A
122,1993-08-08,Dura,32,A
67,1991-07-07,Tierra batida,48,A
111,2022-08-08,Dura,64,A
106,2005-08-08,Dura,128,G
46,2001-07-07,Dura,32,A
129,2015-01-01,Dura,28,A
184,1992-04-04,Tierra batida,32,A
53,1994-01-01,Dura,32,A
17,2023-04-04,Tierra batida,32,A
20,2001-06-06,Hierba,32,A
109,1993-08-08,Tierra batida,32,A
66,1993-07-07,Tierra batida,32,A
131,2005-05-05,Tierra batida,32,A
67,1994-08-08,Tierra batida,48,A
125,1996-09-09,Tierra batida,32,A
108,2000-09-09,Dura,32,A
41,1992-10-10,Moqueta,32,A
41,2021-10-10,Dura,32,A
85,2012-01-01,Tierra batida,28,A
196,1995-07-07,Tierra batida,32,A
181,1994-06-06,Tierra batida,32,A
35,2000-01-01,Dura,128,G
27,2003-10-10,Dura,48,M
119,2007-07-07,Tierra batida,32,A
118,2016-04-04,Tierra batida,64,M
205,2001-01-01,Moqueta,32,A
37,2003-04-04,Tierra batida,32,A
37,2010-10-10,Dura,32,A
112,2007-07-07,Hierba,32,A
89,2011-04-04,Tierra batida,56,A
204,2014-04-04,Tierra batida,28,A
27,2009-05-05,Tierra batida,56,M
26,2014-08-08,Dura,56,M
136,2022-07-07,Tierra batida,32,A
83,2008-10-10,Dura,32,A
4,2020-11-11,Dura,64,M
1,2021-05-05,Tierra batida,32,A
102,2009-06-06,Hierba,32,A
45,2013-10-10,Dura,32,A
201,2005-02-02,Tierra batida,32,A
187,2013-07-07,Tierra batida,48,A
183,1993-06-06,Hierba,32,A
193,1991-03-03,Dura,56,M
46,1993-08-08,Dura,32,A
93,1993-01-01,Dura,32,A
120,1997-05-05,Tierra batida,56,M
111,2008-08-08,Dura,32,A
100,2001-06-06,Hierba,128,G
72,1993-02-02,Dura,32,A
47,1994-06-06,Hierba,56,A
198,1994-05-05,Tierra batida,128,G
37,2009-11-11,Dura,32,A
120,2008-05-05,Tierra batida,56,M
53,1991-01-01,Dura,32,A
194,1993-02-02,Dura,64,A
26,2008-07-07,Dura,56,M
169,2016-09-09,Dura,32,A
83,2014-10-10,Dura,28,A
152,2000-08-08,Dura,56,A
64,2000-02-02,Dura,32,A
190,2020-02-02,Dura,32,A
67,2015-08-08,Tierra batida,28,A
194,2010-02-02,Dura,32,A
12,2003-03-03,Dura,96,M
122,1991-08-08,Dura,32,A
201,1994-11-11,Tierra batida,32,A
124,2015-09-09,Dura,28,A
179,2010-06-06,Hierba,32,A
202,2023-04-04,Tierra batida,32,A
35,1992-01-01,Dura,128,G
189,1995-03-03,Moqueta,32,A
26,2020-08-08,Dura,64,M
152,2006-07-07,Dura,48,A
9,2011-08-08,Dura,56,M
190,2001-03-03,Dura,32,A
133,2015-04-04,Tierra batida,28,A
196,2016-07-07,Tierra batida,32,A
100,1995-06-06,Hierba,128,G
27,2011-05-05,Tierra batida,56,M
112,2006-07-07,Hierba,32,A
178,2012-04-04,Tierra batida,28,A
13,2010-02-02,Dura,32,A
24,2020-02-02,Tierra batida,32,A
190,2017-02-02,Dura,32,A
104,2000-05-05,Tierra batida,32,A
120,1992-05-05,Tierra batida,56,M
48,1998-04-04,Dura,32,A
193,2006-03-03,Dura,96,M
65,2005-04-04,Tierra batida,32,A
33,2009-01-01,Dura,32,A
65,2023-04-04,Tierra batida,32,A
111,1996-07-07,Dura,56,A
83,2017-10-10,Dura,32,A
65,2011-04-04,Tierra batida,28,A
117,2006-10-10,Moqueta,32,A
199,2000-02-02,Dura,32,A
180,1998-01-01,Dura,32,A
196,2023-07-07,Tierra batida,32,A
199,2023-02-02,Dura,32,A
102,2019-06-06,Hierba,32,A
172,2015-10-10,Dura,56,M
158,2019-09-09,Dura,32,A
118,1996-04-04,Tierra batida,56,M
135,1997-04-04,Dura,56,A
50,1997-01-01,Dura,32,A
80,1994-06-06,Hierba,32,A
13,1992-03-03,Dura,32,A
57,2001-02-02,Dura,32,A
164,2021-02-02,Dura,32,A
191,1992-02-02,Tierra batida,32,A
152,1999-08-08,Dura,56,A
199,2021-03-03,Dura,32,A
45,2003-10-10,Moqueta,32,A
100,2017-07-07,Hierba,128,G
41,1998-10-10,Moqueta,32,A
202,2003-04-04,Tierra batida,32,A
20,2016-06-06,Hierba,64,A
102,2018-06-06,Hierba,32,A
135,2013-09-09,Dura,32,A
174,1993-08-08,Dura,32,A
67,1995-07-07,Tierra batida,48,A
111,2013-07-07,Dura,48,A
97,2015-02-02,Dura,28,A
80,1996-06-06,Hierba,32,A
148,2006-05-05,Tierra batida,64,M
114,2010-09-09,Dura,28,A
198,2010-05-05,Tierra batida,128,G
178,1998-09-09,Tierra batida,32,A
75,2021-09-09,Dura,32,A
9,1995-07-07,Dura,56,M
112,2003-07-07,Hierba,32,A
156,1998-05-05,Tierra batida,32,A
57,1998-03-03,Moqueta,32,A
208,2005-11-11,Moqueta,8,F
107,1997-10-10,Moqueta,32,A
148,1991-05-05,Tierra batida,64,M
58,1998-02-02,Dura,32,A
90,1993-10-10,Dura,32,A
193,1992-03-03,Dura,56,M
152,2001-08-08,Dura,56,A
58,2009-02-02,Dura,32,A
65,2018-04-04,Tierra batida,32,A
53,2012-01-01,Dura,28,A
79,1998-02-02,Dura,32,A
12,1998-03-03,Dura,96,M
135,2016-10-10,Dura,32,A
29,2006-07-07,Tierra batida,32,A
119,2011-07-07,Tierra batida,28,A
198,2007-05-05,Tierra batida,128,G
111,2009-08-08,Dura,48,A
163,1997-04-04,Tierra batida,32,A
199,2004-02-02,Dura,32,A
83,2022-10-10,Dura,32,A
163,2023-07-07,Dura,32,A
163,1996-04-04,Tierra batida,32,A
1,1993-10-10,Moqueta,32,A
85,2000-02-02,Tierra batida,32,A
196,2013-07-07,Tierra batida,28,A
97,2021-02-02,Dura,32,A
199,2017-02-02,Dura,32,A
47,2015-06-06,Hierba,32,A
179,2003-06-06,Hierba,32,A
53,1999-01-01,Dura,32,A
1,2004-10-10,Moqueta,32,A
53,2023-01-01,Dura,32,A
178,1996-09-09,Tierra batida,32,A
2,1995-10-10,Dura,32,A
67,1993-08-08,Tierra batida,48,A
146,1998-10-10,Dura,48,M
180,2020-01-01,Dura,32,A
58,2005-02-02,Dura,32,A
117,2010-10-10,Dura,28,A
197,2010-11-11,Dura,8,F
131,1998-05-05,Tierra batida,32,A
135,2000-10-10,Dura,56,A
173,2018-07-07,Dura,32,A
101,2007-06-06,Hierba,32,A
100,2018-07-07,Hierba,128,G
9,1993-07-07,Dura,56,M
202,2022-04-04,Tierra batida,32,A
58,1996-02-02,Dura,32,A
33,1996-12-12,Dura,32,A
136,1996-08-08,Tierra batida,32,A
203,1995-10-10,Dura,32,A
74,2021-04-04,Tierra batida,32,A
103,1995-04-04,Dura,56,A
53,2001-01-01,Dura,32,A
194,2015-02-02,Dura,28,A
98,2006-02-02,Dura,32,A
117,2008-10-10,Dura,32,A
118,1995-04-04,Tierra batida,56,M
20,1995-06-06,Hierba,32,A
5,1997-08-08,Dura,32,A
46,2004-07-07,Dura,32,A
3,1992-04-04,Tierra batida,32,A
187,2016-07-07,Tierra batida,32,A
67,2022-07-07,Tierra batida,32,A
210,2005-09-09,Moqueta,32,A
125,2013-07-07,Dura,28,A
3,2016-05-05,Tierra batida,32,A
165,1995-08-08,Dura,56,A
38,2018-02-02,Dura,32,A
67,2009-05-05,Tierra batida,32,A
38,2007-02-02,Tierra batida,32,A
25,2006-07-07,Tierra batida,48,A
95,2018-09-09,Dura,32,A
58,2003-02-02,Dura,32,A
160,1995-07-07,Tierra batida,48,A
180,2007-12-12,Dura,32,A
179,2014-06-06,Hierba,28,A
76,1991-06-06,Tierra batida,32,A
163,2016-08-08,Dura,32,A
72,1999-03-03,Dura,32,A
119,2019-07-07,Tierra batida,32,A
172,2016-10-10,Dura,64,M
106,2015-08-08,Dura,128,G
25,2015-06-06,Hierba,28,A
118,1993-04-04,Tierra batida,56,M
148,2019-05-05,Tierra batida,64,M
20,2000-06-06,Hierba,32,A
194,2016-02-02,Dura,32,A
97,2013-02-02,Dura,28,A
106,2004-08-08,Dura,128,G
98,2009-02-02,Dura,32,A
26,2019-08-08,Dura,64,M
132,1991-02-02,Dura,32,A
135,2003-09-09,Dura,48,A
111,2000-08-08,Dura,56,A
141,2008-09-09,Dura,28,A
100,2005-06-06,Hierba,128,G
83,1998-11-11,Dura,32,A
33,2006-01-01,Dura,32,A
12,1996-03-03,Dura,96,M
58,1994-01-01,Dura,32,A
55,1991-10-10,Moqueta,48,M
4,1991-10-10,Moqueta,48,M
117,1995-11-11,Moqueta,32,A
46,2009-07-07,Dura,28,A
117,2012-10-10,Dura,28,A
35,1997-01-01,Dura,128,G
100,2021-06-06,Hierba,128,G
194,2008-02-02,Dura,32,A
101,2011-06-06,Hierba,32,A
173,2021-07-07,Dura,32,A
43,2016-02-02,Tierra batida,32,A
35,2006-01-01,Dura,128,G
152,2002-08-08,Dura,56,A
9,2003-08-08,Dura,64,M
204,1992-03-03,Tierra batida,32,A
94,2008-01-01,Dura,32,A
164,1991-04-04,Dura,32,A
95,2006-10-10,Dura,32,A
83,2013-10-10,Dura,28,A
67,2012-07-07,Tierra batida,28,A
119,2023-07-07,Tierra batida,32,A
67,2013-07-07,Tierra batida,28,A
172,2018-10-10,Dura,64,M
41,2009-10-10,Dura,32,A
97,2019-02-02,Dura,32,A
12,2022-03-03,Dura,128,M
7,1998-10-10,Tierra batida,32,A
98,2005-02-02,Dura,32,A
67,2019-07-07,Tierra batida,32,A
1,1992-10-10,Moqueta,32,A
135,2018-10-10,Dura,32,A
7,1999-10-10,Tierra batida,32,A
212,1993-02-02,Moqueta,32,A
9,2023-08-08,Dura,64,M
34,1997-02-02,Dura,32,A
95,2004-10-10,Dura,32,A
38,2023-02-02,Dura,32,A
171,2011-08-08,Dura,48,A
193,2018-03-03,Dura,128,M
53,2005-01-01,Dura,32,A
127,1996-05-05,Tierra batida,32,A
10,1996-01-01,Moqueta,32,A
53,2004-01-01,Dura,32,A
79,1994-11-11,Moqueta,32,A
180,2006-01-01,Dura,32,A
18,2023-01-01,Dura,32,A
101,2003-06-06,Hierba,32,A
66,1994-07-07,Tierra batida,32,A
200,1994-01-01,Dura,32,A
90,1991-09-09,Dura,48,A
188,2010-05-05,Tierra batida,32,A
189,2006-10-10,Moqueta,32,A
110,2010-05-05,Tierra batida,28,A
131,2001-05-05,Tierra batida,64,A
80,1993-06-06,Hierba,32,A
48,2015-01-01,Dura,28,A
148,1994-05-05,Tierra batida,64,M
169,2019-09-09,Dura,32,A
27,2013-05-05,Tierra batida,56,M
26,2015-08-08,Dura,56,M
118,2006-04-04,Tierra batida,64,M
188,2017-05-05,Tierra batida,32,A
122,2001-08-08,Dura,32,A
37,2004-04-04,Tierra batida,32,A
117,1999-11-11,Moqueta,32,A
36,1994-03-03,Dura,32,A
33,1994-01-01,Dura,32,A
72,2002-03-03,Dura,32,A
136,2005-07-07,Tierra batida,32,A
100,1993-06-06,Hierba,128,G
46,2002-07-07,Dura,32,A
185,2017-02-02,Dura,32,A
153,2002-09-09,Dura,32,A
85,2023-02-02,Tierra batida,32,A
12,2016-03-03,Dura,128,M
89,1995-04-04,Tierra batida,56,A
102,2012-06-06,Hierba,28,A
185,1997-02-02,Dura,32,A
38,2008-02-02,Tierra batida,32,A
129,2012-12-12,Dura,28,A
135,2010-10-10,Dura,32,A
117,2002-09-09,Moqueta,32,A
117,2013-10-10,Dura,28,A
48,2001-12-12,Dura,32,A
33,1993-01-01,Dura,32,A
152,2007-07-07,Dura,32,A
197,2016-11-11,Dura,8,F
178,2003-09-09,Tierra batida,32,A
33,2013-12-12,Dura,32,A
181,1999-05-05,Tierra batida,32,A
47,2005-06-06,Hierba,56,A
83,2011-10-10,Dura,28,A
170,1992-10-10,Moqueta,48,A
109,2000-07-07,Tierra batida,32,A
177,2006-02-02,Tierra batida,32,A
152,1992-08-08,Dura,56,A
9,2019-08-08,Dura,64,M
98,2019-02-02,Dura,32,A
67,2018-07-07,Tierra batida,32,A
12,1997-03-03,Dura,96,M
205,2005-01-01,Moqueta,32,A
186,2005-09-09,Dura,32,A
202,2013-04-04,Tierra batida,28,A
105,1995-06-06,Tierra batida,32,A
198,1991-05-05,Tierra batida,128,G
199,2008-02-02,Dura,32,A
185,2021-03-03,Dura,64,A
89,2006-04-04,Tierra batida,56,A
100,1994-06-06,Hierba,128,G
136,2013-07-07,Tierra batida,28,A
198,1995-05-05,Tierra batida,128,G
193,2001-03-03,Dura,64,M
45,2012-10-10,Dura,32,A
20,2006-06-06,Hierba,32,A
193,2011-03-03,Dura,96,M
111,1991-07-07,Dura,56,A
8,2017-06-06,Hierba,32,A
188,1991-04-04,Tierra batida,32,A
48,2007-12-12,Dura,32,A
181,1996-05-05,Tierra batida,32,A
186,2019-09-09,Dura,32,A
196,2007-07-07,Tierra batida,32,A
196,1998-07-07,Tierra batida,32,A
47,2018-06-06,Hierba,32,A
179,2009-06-06,Hierba,32,A
83,1996-11-11,Dura,32,A
95,2007-10-10,Dura,32,A
17,2017-04-04,Tierra batida,32,A
9,2013-08-08,Dura,56,M
98,2018-02-02,Dura,32,A
48,2010-01-01,Dura,32,A
187,2010-07-07,Tierra batida,48,A
119,2018-07-07,Tierra batida,32,A
83,2002-10-10,Dura,32,A
135,2019-09-09,Dura,32,A
190,2011-02-02,Dura,32,A
25,2003-07-07,Tierra batida,48,A
118,1992-04-04,Tierra batida,56,M
171,2018-08-08,Dura,64,A
57,1992-03-03,Moqueta,32,A
201,2019-02-02,Tierra batida,32,A
123,2022-09-09,Dura,8,A
202,2004-04-04,Tierra batida,32,A
149,1992-10-10,Moqueta,32,A
197,1992-11-11,Moqueta,8,F
89,2001-04-04,Tierra batida,56,A
153,2001-09-09,Dura,32,A
198,2019-05-05,Tierra batida,128,G
165,1996-08-08,Dura,56,A
193,2004-03-03,Dura,96,M
129,1991-09-09,Dura,32,A
85,2022-02-02,Tierra batida,32,A
64,1999-02-02,Moqueta,32,A
22,1993-09-09,Dura,32,A
120,2004-05-05,Tierra batida,64,M
119,2014-07-07,Tierra batida,28,A
204,1995-03-03,Tierra batida,32,A
4,2018-10-10,Dura,64,M
26,1998-08-08,Dura,56,M
122,2000-08-08,Dura,48,A
117,2017-10-10,Dura,32,A
185,1994-01-01,Dura,32,A
53,1997-01-01,Dura,32,A
4,2000-11-11,Moqueta,48,M
111,2010-08-08,Dura,48,A
65,2010-05-05,Tierra batida,28,A
65,2015-04-04,Tierra batida,28,A
197,1999-11-11,Dura,8,F
207,1994-10-10,Tierra batida,32,A
67,2002-07-07,Tierra batida,48,A
25,2021-06-06,Hierba,32,A
25,2009-07-07,Tierra batida,32,A
194,2006-02-02,Dura,32,A
52,2023-01-01,Dura,18,A
38,2022-02-02,Dura,32,A
33,2012-01-01,Dura,32,A
96,2017-02-02,Dura,32,A
10,1998-10-10,Moqueta,32,A
106,2007-08-08,Dura,128,G
190,2002-03-03,Dura,32,A
131,2009-05-05,Tierra batida,32,A
196,1997-07-07,Tierra batida,32,A
188,2008-04-04,Tierra batida,32,A
100,2015-06-06,Hierba,128,G
180,1991-12-12,Dura,32,A
112,2008-07-07,Hierba,28,A
135,2002-09-09,Dura,56,A
102,2011-06-06,Hierba,32,A
175,2006-02-02,Dura,32,A
23,1993-04-04,Dura,32,A
53,2019-01-01,Dura,32,A
171,2017-08-08,Dura,64,A
118,2021-04-04,Tierra batida,64,M
4,2007-10-10,Dura,48,M
48,2007-01-01,Dura,32,A
46,1997-07-07,Dura,32,A
185,1999-02-02,Dura,32,A
122,1992-08-08,Dura,32,A
65,1997-04-04,Tierra batida,32,A
135,2014-09-09,Dura,32,A
83,2004-10-10,Dura,32,A
189,2015-09-09,Dura,28,A
163,2021-07-07,Dura,32,A
100,2008-06-06,Hierba,128,G
185,2020-02-02,Dura,32,A
117,1992-11-11,Moqueta,32,A
67,2014-07-07,Tierra batida,28,A
136,2001-07-07,Tierra batida,32,A
41,2000-10-10,Dura,32,A
163,1995-05-05,Tierra batida,32,A
100,2012-06-06,Hierba,128,G
100,2011-06-06,Hierba,128,G
20,2004-06-06,Hierba,32,A
78,2007-07-07,Tierra batida,32,A
194,2009-02-02,Dura,32,A
171,2014-08-08,Dura,48,A
202,2010-04-04,Tierra batida,28,A
150,1998-09-09,Tierra batida,32,A
34,1996-02-02,Moqueta,32,A
9,1998-08-08,Dura,56,M
89,1998-04-04,Tierra batida,56,A
181,2004-05-05,Tierra batida,32,A
163,1992-04-04,Tierra batida,32,A
101,2006-06-06,Hierba,32,A
53,1995-01-01,Dura,32,A
4,2002-10-10,Moqueta,48,M
12,2001-03-03,Dura,96,M
148,2022-05-05,Tierra batida,64,M
135,2006-10-10,Dura,48,A
196,2011-07-07,Tierra batida,28,A
41,1996-10-10,Moqueta,32,A
163,2015-07-07,Dura,28,A
98,1996-02-02,Dura,32,A
197,2015-11-11,Dura,8,F
198,2012-05-05,Tierra batida,128,G
19,2023-05-05,Tierra batida,32,A
41,1995-10-10,Moqueta,32,A
131,2002-05-05,Tierra batida,64,A
201,1993-11-11,Tierra batida,32,A
194,1997-02-02,Dura,48,A
148,1997-05-05,Tierra batida,64,M
38,2006-02-02,Tierra batida,32,A
33,2005-01-01,Dura,32,A
150,1996-09-09,Tierra batida,32,A
156,1994-05-05,Tierra batida,32,A
41,2018-10-10,Dura,32,A
197,1996-11-11,Moqueta,9,F
202,2017-04-04,Tierra batida,32,A
4,1993-11-11,Moqueta,48,M
119,2010-07-07,Tierra batida,28,A
188,2000-05-05,Tierra batida,32,A
30,1993-01-01,Dura,32,A
33,1995-01-01,Dura,32,A
193,1994-02-02,Dura,56,M
129,2017-01-01,Dura,32,A
131,2014-05-05,Tierra batida,28,A
188,2002-04-04,Tierra batida,32,A
148,2018-05-05,Tierra batida,64,M
196,1999-07-07,Tierra batida,32,A
203,1994-10-10,Dura,32,A
132,1992-10-10,Dura,32,A
117,2001-10-10,Moqueta,32,A
117,2019-10-10,Dura,32,A
111,2019-07-07,Dura,64,A
50,1998-01-01,Dura,32,A
185,2016-02-02,Dura,32,A
141,2004-09-09,Dura,32,A
26,2022-08-08,Dura,64,M
79,1992-11-11,Moqueta,32,A
35,2011-01-01,Dura,128,G
188,2016-04-04,Tierra batida,32,A
180,1994-01-01,Dura,32,A
152,2009-07-07,Dura,32,A
193,2005-03-03,Dura,96,M
154,2007-09-09,Dura,32,A
27,2017-05-05,Tierra batida,64,M
133,2018-04-04,Tierra batida,32,A
47,2002-06-06,Hierba,56,A
58,2011-02-02,Dura,32,A
70,2007-01-01,Tierra batida,32,A
179,2015-06-06,Hierba,32,A
98,2021-03-03,Dura,32,A
47,2012-06-06,Hierba,56,A
189,2005-10-10,Moqueta,32,A
135,1999-04-04,Dura,56,A
45,2004-10-10,Moqueta,32,A
98,2003-02-02,Dura,32,A
198,1996-05-05,Tierra batida,128,G
9,2012-08-08,Dura,48,M
179,1994-06-06,Hierba,32,A
148,2007-05-05,Tierra batida,56,M
106,1992-08-08,Dura,128,G
26,1993-08-08,Dura,56,M
129,2011-01-01,Dura,32,A
106,1991-08-08,Dura,128,G
179,2017-06-06,Hierba,32,A
53,1992-01-01,Dura,32,A
90,1994-10-10,Dura,32,A
198,2003-05-05,Tierra batida,128,G
150,1999-09-09,Tierra batida,32,A
7,2000-09-09,Tierra batida,32,A
198,2016-05-05,Tierra batida,128,G
126,2004-08-08,Dura,64,A
35,2002-01-01,Dura,128,G
111,2021-08-08,Dura,64,A
12,1992-03-03,Dura,96,M
12,1999-03-03,Dura,96,M
173,2023-07-07,Dura,32,A
45,1993-09-09,Dura,32,A
141,2005-09-09,Dura,32,A
207,1995-10-10,Tierra batida,32,A
197,1995-11-11,Moqueta,9,F
81,2008-02-02,Dura,32,A
180,1996-01-01,Dura,32,A
209,1997-04-04,Tierra batida,32,A
120,2007-05-05,Tierra batida,56,M
153,1995-04-04,Dura,32,A
94,2013-01-01,Dura,28,A
127,1994-05-05,Tierra batida,32,A
178,2014-04-04,Tierra batida,28,A
118,2004-04-04,Tierra batida,64,M
79,2018-10-10,Dura,32,A
131,1992-05-05,Tierra batida,32,A
152,1991-08-08,Dura,56,A
98,2007-02-02,Dura,32,A
109,1998-08-08,Tierra batida,32,A
26,2011-08-08,Dura,56,M
190,1999-05-05,Tierra batida,32,A
136,2021-07-07,Tierra batida,32,A
27,2015-05-05,Tierra batida,56,M
169,2017-09-09,Dura,32,A
81,2006-01-01,Moqueta,32,A
72,2004-03-03,Dura,32,A
35,1991-01-01,Dura,128,G
89,2010-04-04,Tierra batida,56,A
7,1993-09-09,Tierra batida,32,A
98,2008-02-02,Dura,32,A
120,1995-05-05,Tierra batida,56,M
121,2018-11-11,Dura,8,F
111,1993-07-07,Dura,56,A
45,1997-09-09,Moqueta,32,A
170,1993-10-10,Moqueta,48,A
188,2022-04-04,Tierra batida,32,A
104,2002-04-04,Tierra batida,32,A
95,2012-09-09,Dura,28,A
135,2017-10-10,Dura,32,A
196,2002-07-07,Tierra batida,32,A
26,2016-08-08,Dura,64,M
112,2002-07-07,Hierba,32,A
95,2005-10-10,Dura,32,A
118,2007-04-04,Tierra batida,56,M
100,2013-06-06,Hierba,128,G
101,2005-06-06,Hierba,32,A
111,2017-07-07,Dura,64,A
148,2021-05-05,Tierra batida,64,M
188,1995-05-05,Tierra batida,32,A
119,2001-07-07,Tierra batida,32,A
4,2016-10-10,Dura,64,M
202,2016-04-04,Tierra batida,32,A
111,2011-07-07,Dura,48,A
81,2013-02-02,Dura,28,A
114,2014-09-09,Dura,28,A
179,2012-06-06,Hierba,28,A
117,1991-11-11,Moqueta,32,A
121,2017-11-11,Dura,8,F
46,1998-07-07,Dura,32,A
127,1995-05-05,Tierra batida,32,A
65,2001-04-04,Tierra batida,32,A
34,1995-02-02,Moqueta,32,A
177,2004-02-02,Tierra batida,32,A
116,1999-04-04,Tierra batida,32,A
29,2007-07-07,Tierra batida,32,A
67,1996-07-07,Tierra batida,48,A
197,1998-11-11,Dura,64,F
81,2012-01-01,Dura,32,A
201,2014-02-02,Tierra batida,32,A
205,1994-02-02,Moqueta,32,A
148,2012-05-05,Tierra batida,56,M
89,2004-04-04,Tierra batida,56,A
196,2021-07-07,Tierra batida,32,A
131,2011-05-05,Tierra batida,32,A
1,2023-05-05,Tierra batida,32,A
193,1997-03-03,Dura,56,M
96,2019-02-02,Dura,32,A
212,1994-02-02,Moqueta,32,A
45,1996-09-09,Dura,32,A
121,2022-11-11,Dura,8,A
199,2010-02-02,Dura,32,A
189,2009-10-10,Dura,32,A
65,1994-03-03,Tierra batida,32,A
57,1995-03-03,Moqueta,32,A
96,2021-09-09,Dura,32,A
24,2022-01-01,Tierra batida,32,A
198,2009-05-05,Tierra batida,128,G
47,2023-06-06,Hierba,32,A
189,2011-10-10,Dura,32,A
197,2020-11-11,Dura,8,F
95,2021-09-09,Dura,32,A
176,2020-08-08,Dura,128,G
148,2001-05-05,Tierra batida,64,M
41,2001-10-10,Dura,32,A
188,1999-04-04,Tierra batida,32,A
65,1998-04-04,Tierra batida,32,A
176,2021-08-08,Dura,128,G
95,2014-09-09,Dura,28,A
198,2017-05-05,Tierra batida,128,G
101,1998-06-06,Hierba,32,A
170,1995-10-10,Moqueta,48,A
202,2007-04-04,Tierra batida,32,A
199,1999-02-02,Moqueta,32,A
197,1993-11-11,Moqueta,8,F
33,2022-02-02,Dura,32,A
188,2012-04-04,Tierra batida,28,A
204,2002-04-04,Tierra batida,32,A
14,2023-04-04,Tierra batida,32,A
53,2020-01-01,Dura,32,A
165,2006-08-08,Dura,48,A
152,2005-07-07,Dura,48,A
99,1993-05-05,Tierra batida,32,A
38,2004-03-03,Tierra batida,32,A
1,2000-11-11,Moqueta,32,A
204,1994-03-03,Tierra batida,32,A
34,1992-02-02,Moqueta,48,A
167,1991-12-12,Moqueta,16,A
20,1997-06-06,Hierba,32,A
91,1993-10-10,Tierra batida,32,A
26,2006-08-08,Dura,64,M
118,2003-04-04,Tierra batida,64,M
202,2005-04-04,Tierra batida,32,A
181,2001-05-05,Tierra batida,32,A
203,1996-10-10,Dura,32,A
107,1996-10-10,Moqueta,32,A
3,1995-04-04,Tierra batida,32,A
193,2017-03-03,Dura,128,M
94,2005-01-01,Dura,32,A
179,2005-06-06,Hierba,32,A
196,2008-07-07,Tierra batida,28,A
188,1996-04-04,Tierra batida,32,A
78,2005-08-08,Tierra batida,32,A
47,2003-06-06,Hierba,56,A
196,2009-07-07,Tierra batida,32,A
85,1995-10-10,Tierra batida,32,A
205,2003-01-01,Moqueta,32,A
198,1997-05-05,Tierra batida,128,G
83,2001-10-10,Dura,32,A
35,1995-01-01,Dura,128,G
47,2004-06-06,Hierba,56,A
46,2012-07-07,Dura,28,A
180,2005-01-01,Dura,32,A
37,2012-10-10,Dura,32,A
189,1998-02-02,Moqueta,32,A
204,2013-04-04,Tierra batida,28,A
95,2019-09-09,Dura,32,A
48,2013-12-12,Dura,28,A
117,1998-11-11,Moqueta,32,A
20,1998-06-06,Hierba,32,A
122,1996-08-08,Dura,32,A
188,2007-04-04,Tierra batida,32,A
101,2000-06-06,Hierba,32,A
189,2018-09-09,Dura,32,A
119,1999-07-07,Tierra batida,32,A
98,2000-02-02,Dura,32,A
202,2012-04-04,Tierra batida,28,A
186,1994-10-10,Moqueta,32,A
201,2011-02-02,Tierra batida,32,A
131,2007-05-05,Tierra batida,32,A
33,2017-01-01,Dura,32,A
160,1996-07-07,Tierra batida,48,A
136,2007-07-07,Tierra batida,32,A
25,2004-07-07,Tierra batida,48,A
48,2009-01-01,Dura,32,A
100,2002-06-06,Hierba,128,G
22,1991-09-09,Dura,32,A
148,2020-09-09,Tierra batida,64,M
46,2005-07-07,Dura,32,A
101,2019-06-06,Hierba,32,A
1,1997-10-10,Moqueta,32,A
186,1996-10-10,Moqueta,32,A
47,1998-06-06,Hierba,56,A
41,2007-10-10,Dura,32,A
193,2003-03-03,Dura,64,M
185,1995-02-02,Dura,32,A
112,2016-07-07,Hierba,32,A
188,2015-04-04,Tierra batida,28,A
135,2004-10-10,Dura,48,A
59,2019-02-02,Tierra batida,32,A
15,1991-12-12,Dura,32,A
87,2023-02-02,Dura,32,A
205,2004-02-02,Moqueta,32,A
26,2001-08-08,Dura,64,M
45,1994-09-09,Dura,32,A
38,2013-02-02,Tierra batida,32,A
136,2011-07-07,Tierra batida,28,A
204,2006-04-04,Tierra batida,32,A
9,1996-08-08,Dura,56,M
201,2015-02-02,Tierra batida,28,A
118,1999-04-04,Tierra batida,56,M
106,2013-08-08,Dura,128,G
50,1995-01-01,Dura,32,A
182,1992-10-10,Moqueta,32,A
100,2009-06-06,Hierba,128,G
198,1993-05-05,Tierra batida,128,G
80,1991-06-06,Hierba,32,A
189,2007-10-10,Moqueta,32,A
65,2012-04-04,Tierra batida,28,A
67,2000-07-07,Tierra batida,48,A
107,1994-10-10,Moqueta,32,A
53,2009-01-01,Dura,28,A
81,2009-02-02,Dura,32,A
204,2008-05-05,Tierra batida,32,A
27,2006-10-10,Dura,48,M
35,1994-01-01,Dura,128,G
7,2004-09-09,Tierra batida,32,A
38,2020-02-02,Dura,32,A
136,2008-07-07,Tierra batida,28,A
27,2004-10-10,Dura,48,M
38,2021-03-03,Dura,32,A
206,2000-02-02,Tierra batida,32,A
4,1999-11-11,Moqueta,48,M
9,1991-07-07,Dura,56,M
4,1997-10-10,Moqueta,48,M
112,2000-07-07,Hierba,32,A
9,1997-07-07,Dura,56,M
65,2002-04-04,Tierra batida,32,A
106,2000-08-08,Dura,128,G
72,1995-02-02,Dura,32,A
135,2001-10-10,Dura,56,A
55,1993-10-10,Moqueta,48,M
171,2022-08-08,Dura,64,A
171,2013-08-08,Dura,48,A
99,1995-05-05,Tierra batida,32,A
136,2017-07-07,Tierra batida,32,A
25,2007-07-07,Tierra batida,32,A
8,2018-06-06,Hierba,32,A
21,2021-05-05,Tierra batida,32,A
79,2020-10-10,Dura,32,A
198,2000-05-05,Tierra batida,128,G
122,1997-08-08,Dura,32,A
3,2015-05-05,Tierra batida,28,A
203,1992-10-10,Dura,32,A
33,2021-03-03,Dura,32,A
147,1995-07-07,Tierra batida,32,A
70,2003-02-02,Tierra batida,32,A
98,1998-02-02,Dura,32,A
119,2021-07-07,Tierra batida,32,A
20,2002-06-06,Hierba,32,A
53,2008-01-01,Dura,32,A
185,2022-02-02,Dura,32,A
201,2012-02-02,Tierra batida,32,A
77,2021-02-02,Dura,64,A
189,2013-09-09,Dura,32,A
9,2005-08-08,Dura,64,M
55,1992-10-10,Moqueta,48,M
65,2013-04-04,Tierra batida,28,A
67,2017-07-07,Tierra batida,32,A
4,2013-10-10,Dura,48,M
117,2000-10-10,Moqueta,32,A
19,2018-05-05,Tierra batida,32,A
150,1997-09-09,Tierra batida,32,A
9,2008-07-07,Dura,56,M
95,2008-09-09,Dura,32,A
48,2001-01-01,Dura,32,A
129,2018-01-01,Dura,32,A
48,2012-12-12,Dura,28,A
108,2002-09-09,Dura,32,A
122,1999-08-08,Dura,32,A
24,2023-02-02,Tierra batida,32,A
186,2015-10-10,Dura,32,A
53,2013-01-01,Dura,28,A
174,1994-08-08,Dura,32,A
120,1994-05-05,Tierra batida,56,M
204,2012-04-04,Tierra batida,28,A
92,1996-07-07,Dura,64,A
198,1998-05-05,Tierra batida,128,G
38,2001-02-02,Tierra batida,32,A
181,2000-05-05,Tierra batida,32,A
195,2022-01-01,Dura,16,A
106,1999-08-08,Dura,128,G
4,2012-10-10,Dura,48,M
48,1999-04-04,Dura,32,A
194,2001-02-02,Dura,48,A
193,2009-03-03,Dura,96,M
100,2014-06-06,Hierba,128,G
172,2010-10-10,Dura,56,M
189,2004-10-10,Moqueta,32,A
61,1993-02-02,Dura,32,A
45,2009-11-11,Dura,32,A
45,2002-10-10,Moqueta,32,A
33,1999-01-01,Dura,32,A
65,2004-04-04,Tierra batida,32,A
178,2013-04-04,Tierra batida,28,A
56,2015-02-02,Tierra batida,28,A
46,2000-07-07,Dura,32,A
122,2004-08-08,Dura,32,A
17,2018-04-04,Tierra batida,32,A
137,1991-04-04,Tierra batida,32,A
101,2018-06-06,Hierba,32,A
11,1993-06-06,Tierra batida,32,A
198,1999-05-05,Tierra batida,128,G
81,2015-02-02,Dura,28,A
35,2012-01-01,Dura,128,G
196,2006-07-07,Tierra batida,32,A
56,2018-02-02,Tierra batida,32,A
65,2019-04-04,Tierra batida,32,A
117,2014-10-10,Dura,28,A
135,1996-04-04,Dura,56,A
59,2015-02-02,Tierra batida,32,A
190,2008-02-02,Dura,32,A
9,1999-08-08,Dura,56,M
175,2008-03-03,Dura,32,A
43,2012-02-02,Tierra batida,28,A
136,2018-07-07,Tierra batida,32,A
119,2013-07-07,Tierra batida,28,A
128,1991-11-11,Moqueta,32,A
189,2001-10-10,Dura,32,A
35,2018-01-01,Dura,128,G
190,2019-02-02,Dura,32,A
26,1995-08-08,Dura,56,M
102,2022-06-06,Hierba,32,A
136,1997-07-07,Tierra batida,32,A
185,2005-02-02,Dura,32,A
12,2006-03-03,Dura,96,M
103,1992-04-04,Dura,56,A
96,2016-02-02,Dura,32,A
106,2019-08-08,Dura,128,G
9,2006-08-08,Dura,64,M
187,2022-07-07,Tierra batida,32,A
9,2000-07-07,Dura,64,M
120,1999-05-05,Tierra batida,56,M
46,2011-07-07,Dura,28,A
57,2002-02-02,Dura,32,A
148,2003-05-05,Tierra batida,64,M
45,2001-10-10,Moqueta,32,A
138,2021-04-04,Tierra batida,32,A
42,1999-06-06,Tierra batida,32,A
47,2016-06-06,Hierba,32,A
100,1999-06-06,Hierba,128,G
197,2009-11-11,Dura,8,F
185,2008-03-03,Dura,32,A
30,1996-01-01,Dura,32,A
172,2017-10-10,Dura,64,M
148,1998-05-05,Tierra batida,64,M
53,2014-01-01,Dura,28,A
9,2014-08-08,Dura,56,M
160,1997-07-07,Tierra batida,48,A
122,2002-08-08,Dura,48,A
197,1994-11-11,Moqueta,8,F
165,2008-08-08,Dura,48,A
179,1997-06-06,Hierba,32,A
118,1997-04-04,Tierra batida,56,M
34,1998-02-02,Dura,32,A
197,2012-11-11,Dura,8,F
59,2022-02-02,Tierra batida,32,A
119,2000-07-07,Tierra batida,32,A
47,2014-06-06,Hierba,56,A
7,1996-09-09,Tierra batida,32,A
142,1991-10-10,Moqueta,32,A
209,1994-08-08,Tierra batida,32,A
185,2001-02-02,Dura,32,A
141,2012-09-09,Dura,28,A
112,2017-07-07,Hierba,32,A
209,1992-08-08,Tierra batida,32,A
89,2009-04-04,Tierra batida,56,A
148,2016-05-05,Tierra batida,64,M
117,1996-11-11,Moqueta,32,A
108,1998-09-09,Dura,32,A
112,2014-07-07,Hierba,32,A
41,2011-10-10,Dura,28,A
72,2000-03-03,Dura,32,A
172,2012-10-10,Dura,56,M
204,2001-04-04,Tierra batida,32,A
136,1994-08-08,Tierra batida,32,A
25,2014-07-07,Tierra batida,28,A
47,1997-06-06,Hierba,56,A
185,2012-02-02,Dura,32,A
189,2003-10-10,Dura,32,A
193,2015-03-03,Dura,96,M
10,1997-01-01,Moqueta,32,A
204,1997-03-03,Tierra batida,32,A
43,1993-11-11,Tierra batida,32,A
201,2018-02-02,Tierra batida,32,A
165,1993-08-08,Dura,56,A
100,2016-06-06,Hierba,128,G
206,1994-02-02,Tierra batida,32,A
190,2018-02-02,Dura,32,A
102,2013-06-06,Hierba,28,A
188,2004-04-04,Tierra batida,32,A
148,2009-04-04,Tierra batida,56,M
1,1991-10-10,Moqueta,32,A
47,2019-06-06,Hierba,32,A
8,2021-01-01,Dura,32,A
51,1991-10-10,Dura,32,A
89,1999-04-04,Tierra batida,56,A
117,1997-11-11,Moqueta,32,A
12,2007-03-03,Dura,96,M
1,2022-05-05,Tierra batida,32,A
65,2022-04-04,Tierra batida,32,A
111,1992-07-07,Dura,56,A
208,2007-11-11,Dura,8,F
23,1992-04-04,Dura,32,A
209,1996-04-04,Tierra batida,32,A
79,2019-10-10,Dura,32,A
64,1998-02-02,Moqueta,32,A
67,2011-07-07,Tierra batida,28,A
163,2011-07-07,Dura,28,A
94,2014-01-01,Dura,28,A
38,2015-02-02,Dura,32,A
196,2005-07-07,Tierra batida,32,A
136,2014-07-07,Tierra batida,28,A
53,2006-01-01,Dura,32,A
193,1996-03-03,Dura,56,M
27,2022-05-05,Tierra batida,64,M
53,2003-01-01,Dura,32,A
45,2005-10-10,Moqueta,32,A
94,2001-01-01,Dura,32,A
178,2011-09-09,Tierra batida,28,A
37,1995-10-10,Tierra batida,32,A
65,1999-04-04,Tierra batida,32,A
58,1997-02-02,Dura,32,A
41,2008-10-10,Dura,32,A
148,2008-05-05,Tierra batida,56,M
2,2000-10-10,Dura,32,A
118,2017-04-04,Tierra batida,64,M
12,2014-03-03,Dura,96,M
155,2000-11-11,Dura,32,A
181,2005-05-05,Tierra batida,32,A
33,2007-12-12,Dura,32,A
117,2004-10-10,Moqueta,32,A
193,2010-03-03,Dura,96,M
117,2021-10-10,Dura,32,A
112,1994-07-07,Hierba,32,A
112,1992-07-07,Hierba,32,A
177,2001-09-09,Dura,32,A
129,2009-01-01,Dura,32,A
7,2006-09-09,Tierra batida,32,A
7,1997-09-09,Tierra batida,32,A
189,2017-09-09,Dura,32,A
190,2000-02-02,Dura,32,A
45,2019-10-10,Dura,32,A
97,2022-01-01,Dura,32,A
165,2010-08-08,Dura,48,A
4,2009-11-11,Dura,48,M
72,2003-03-03,Dura,32,A
12,2004-03-03,Dura,96,M
188,2009-05-05,Tierra batida,32,A
106,1996-08-08,Dura,128,G
72,1997-03-03,Dura,32,A
136,2023-07-07,Tierra batida,32,A
9,2015-08-08,Dura,56,M
19,2017-05-05,Tierra batida,32,A
33,2004-01-01,Dura,32,A
144,2008-06-06,Tierra batida,32,A
8,2019-06-06,Hierba,32,A
32,2007-05-05,Tierra batida,32,A
16,1996-04-04,Dura,32,A
112,2012-07-07,Hierba,32,A
98,1994-01-01,Moqueta,32,A
35,2017-01-01,Dura,128,G
79,1993-11-11,Moqueta,32,A
30,1995-01-01,Dura,32,A
136,1993-08-08,Tierra batida,32,A
117,2007-10-10,Dura,32,A
204,2007-04-04,Tierra batida,32,A
47,1999-06-06,Hierba,56,A
43,1992-11-11,Dura,32,A
41,2014-10-10,Dura,28,A
78,2003-07-07,Tierra batida,32,A
119,2012-07-07,Tierra batida,28,A
197,2011-11-11,Dura,16,F
147,1999-08-08,Tierra batida,32,A
111,2015-08-08,Dura,48,A
198,2015-05-05,Tierra batida,128,G
111,1997-07-07,Dura,56,A
66,1992-07-07,Tierra batida,32,A
119,2017-07-07,Tierra batida,32,A
79,2016-10-10,Dura,32,A
199,2019-02-02,Dura,32,A
4,1998-11-11,Moqueta,48,M
83,1995-11-11,Dura,32,A
6,2022-09-09,Dura,32,A
9,2017-08-08,Dura,64,M
190,2023-02-02,Dura,32,A
209,1995-07-07,Tierra batida,32,A
190,2003-03-03,Dura,32,A
20,2008-06-06,Hierba,32,A
4,2008-10-10,Dura,48,M
59,2017-02-02,Tierra batida,32,A
153,1997-04-04,Dura,32,A
58,2001-02-02,Dura,32,A
179,2016-06-06,Hierba,32,A
65,1992-03-03,Tierra batida,32,A
97,2017-02-02,Dura,32,A
106,1997-08-08,Dura,128,G
81,2007-01-01,Moqueta,32,A
26,1994-08-08,Dura,56,M
205,1996-02-02,Moqueta,32,A
101,2013-06-06,Hierba,32,A
103,1991-04-04,Dura,56,A
9,2001-07-07,Dura,64,M
146,1997-10-10,Moqueta,48,M
152,1993-08-08,Dura,56,A
88,2012-07-07,Hierba,64,A
185,2011-02-02,Dura,32,A
180,1999-01-01,Dura,32,A
106,2016-08-08,Dura,128,G
204,2015-04-04,Tierra batida,28,A
79,1996-02-02,Moqueta,32,A
62,2022-10-10,Dura,32,A
106,2011-08-08,Dura,128,G
35,2013-01-01,Dura,128,G
9,2007-08-08,Dura,56,M
201,2017-02-02,Tierra batida,32,A
65,2009-05-05,Tierra batida,32,A
34,1993-02-02,Moqueta,32,A
198,2021-05-05,Tierra batida,128,G
104,2022-06-06,Hierba,32,A
131,1995-05-05,Tierra batida,32,A
27,2019-05-05,Tierra batida,64,M
67,2023-07-07,Tierra batida,32,A
209,1999-04-04,Tierra batida,32,A
146,2000-10-10,Dura,48,M
41,2016-10-10,Dura,32,A
94,2004-01-01,Dura,32,A
37,2015-10-10,Dura,28,A
98,2023-02-02,Dura,32,A
179,2018-06-06,Hierba,32,A
98,2010-02-02,Dura,28,A
119,1998-07-07,Tierra batida,32,A
48,2006-01-01,Dura,32,A
178,2010-09-09,Tierra batida,28,A
27,2008-10-10,Dura,48,M
164,1997-10-10,Moqueta,32,A
187,2012-07-07,Tierra batida,32,A
7,2002-09-09,Tierra batida,32,A
41,2017-10-10,Dura,32,A
91,1994-10-10,Tierra batida,32,A
189,1999-02-02,Moqueta,32,A
35,2008-01-01,Dura,128,G
58,2004-02-02,Dura,32,A
196,1994-07-07,Tierra batida,32,A
196,2017-07-07,Tierra batida,32,A
12,2019-03-03,Dura,128,M
205,1995-02-02,Moqueta,32,A
177,2011-02-02,Tierra batida,28,A
50,1993-01-01,Dura,32,A
89,2017-04-04,Tierra batida,64,A
204,2004-05-05,Tierra batida,32,A
212,1991-02-02,Moqueta,32,A
41,2006-10-10,Dura,32,A
178,1999-09-09,Tierra batida,32,A
204,1993-03-03,Tierra batida,32,A
26,2004-08-08,Dura,64,M
190,2012-02-02,Dura,32,A
192,2022-01-01,Dura,32,A
70,2004-02-02,Tierra batida,32,A
111,2014-07-07,Dura,48,A
193,1993-03-03,Dura,56,M
60,1995-10-10,Moqueta,48,M
35,2010-01-01,Dura,128,G
199,2005-02-02,Dura,32,A
163,2010-07-07,Dura,28,A
197,2018-11-11,Dura,8,F
178,2002-09-09,Tierra batida,32,A
198,2006-05-05,Tierra batida,128,G
67,2006-07-07,Tierra batida,48,A
33,2018-12-12,Dura,32,A
182,1993-10-10,Moqueta,32,A
95,2011-09-09,Dura,28,A
208,2004-11-11,Dura,8,F
202,2002-04-04,Tierra batida,32,A
35,2014-01-01,Dura,128,G
53,2002-01-01,Dura,32,A
89,2003-04-04,Tierra batida,56,A
123,2019-09-09,Dura,8,A
35,2009-01-01,Dura,128,G
22,1994-09-09,Dura,32,A
167,1999-09-09,Dura,12,A
9,2010-08-08,Dura,56,M
25,2011-07-07,Tierra batida,32,A
26,2023-08-08,Dura,64,M
179,2021-06-06,Hierba,32,A
99,1994-05-05,Tierra batida,32,A
12,2021-03-03,Dura,128,M
178,2009-09-09,Tierra batida,32,A
79,1997-02-02,Dura,32,A
176,2022-08-08,Dura,128,G
89,2016-04-04,Tierra batida,64,A
111,2023-07-07,Dura,64,A
170,1991-10-10,Moqueta,48,A
193,2012-03-03,Dura,96,M
167,1995-12-12,Moqueta,16,A
189,2016-09-09,Dura,32,A
101,2001-06-06,Hierba,32,A
106,2009-08-08,Dura,128,G
98,1997-02-02,Dura,32,A
25,2010-07-07,Tierra batida,28,A
47,2021-06-06,Hierba,32,A
113,1992-02-02,Moqueta,32,A
193,1998-03-03,Dura,56,M
35,2020-01-01,Dura,128,G
81,2011-01-01,Dura,28,A
37,2014-10-10,Dura,32,A
38,2003-02-02,Tierra batida,32,A
187,2015-07-07,Tierra batida,32,A
147,2001-07-07,Tierra batida,32,A
202,2009-04-04,Tierra batida,32,A
204,2000-04-04,Tierra batida,32,A
117,2009-10-10,Dura,32,A
145,2022-04-04,Tierra batida,32,A
98,2017-02-02,Dura,32,A
178,2007-09-09,Tierra batida,32,A
78,2004-08-08,Tierra batida,32,A
194,1991-02-02,Dura,48,A
103,1993-04-04,Dura,56,A
199,2012-02-02,Dura,32,A
4,2017-10-10,Dura,64,M
101,2022-06-06,Hierba,32,A
1,2006-10-10,Moqueta,32,A
67,2008-07-07,Tierra batida,32,A
129,2013-12-12,Dura,28,A
98,2011-02-02,Dura,28,A
27,2018-05-05,Tierra batida,64,M
166,2022-01-01,Dura,32,A
180,1995-01-01,Dura,32,A
37,2005-04-04,Tierra batida,32,A
111,2016-07-07,Dura,64,A
41,2005-10-10,Dura,32,A
201,2006-02-02,Tierra batida,32,A
97,2012-01-01,Dura,28,A
70,2005-01-01,Tierra batida,32,A
27,2002-10-10,Dura,48,M
183,1991-06-06,Hierba,32,A
95,2013-09-09,Dura,28,A
47,2017-06-06,Hierba,32,A
156,1993-05-05,Tierra batida,32,A
89,1996-04-04,Tierra batida,56,A
112,2015-07-07,Hierba,32,A
194,2005-02-02,Dura,32,A
26,1997-08-08,Dura,56,M
68,1993-03-03,Moqueta,32,A
4,1992-11-11,Moqueta,48,M
18,2022-01-01,Dura,32,A
189,2019-09-09,Dura,32,A
1,2017-05-05,Tierra batida,32,A
201,2013-02-02,Tierra batida,32,A
188,2018-04-04,Tierra batida,32,A
173,2022-08-08,Dura,32,A
98,2020-02-02,Dura,32,A
98,2004-02-02,Dura,32,A
196,1991-07-07,Tierra batida,32,A
108,1997-09-09,Dura,32,A
112,2005-07-07,Hierba,32,A
38,2009-02-02,Tierra batida,32,A
186,2012-10-10,Dura,32,A
179,2019-06-06,Hierba,32,A
163,2019-07-07,Dura,32,A
58,2010-02-02,Dura,32,A
94,1999-01-01,Dura,32,A
57,1997-03-03,Moqueta,32,A
204,2005-04-04,Tierra batida,32,A
198,2013-05-05,Tierra batida,128,G
19,2022-05-05,Tierra batida,32,A
156,1995-05-05,Tierra batida,32,A
4,2014-10-10,Dura,48,M
100,2003-06-06,Hierba,128,G
189,2008-10-10,Dura,32,A
196,1993-07-07,Tierra batida,32,A
43,2014-02-02,Tierra batida,28,A
25,2012-07-07,Tierra batida,28,A
33,2010-01-01,Dura,32,A
209,1991-08-08,Tierra batida,32,A
172,2014-10-10,Dura,56,M
114,2011-09-09,Dura,28,A
53,1998-01-01,Dura,32,A
118,2019-04-04,Tierra batida,64,M
196,1996-07-07,Tierra batida,32,A
187,2009-07-07,Tierra batida,48,A
4,1995-10-10,Moqueta,48,M
66,1991-07-07,Tierra batida,32,A
186,2010-10-10,Dura,32,A
188,2019-04-04,Tierra batida,32,A
193,2007-03-03,Dura,96,M
83,2000-11-11,Dura,32,A
194,1999-02-02,Dura,48,A
96,2018-02-02,Dura,32,A
44,2020-02-02,Tierra batida,32,A
12,2015-03-03,Dura,96,M
1,1996-09-09,Moqueta,32,A
94,2006-01-01,Dura,32,A
9,2016-07-07,Dura,64,M
153,1998-04-04,Dura,32,A
26,2013-08-08,Dura,56,M
99,1992-05-05,Tierra batida,32,A
159,1996-04-04,Tierra batida,32,A
196,1992-07-07,Tierra batida,32,A
178,2008-09-09,Tierra batida,32,A
1,2019-05-05,Tierra batida,32,A
61,1992-02-02,Dura,32,A
26,2012-08-08,Dura,56,M
33,2007-01-01,Dura,32,A
201,2003-02-02,Tierra batida,32,A
102,2021-06-06,Hierba,32,A
172,2019-10-10,Dura,64,M
48,2005-01-01,Dura,32,A
179,1998-06-06,Hierba,32,A
160,1993-07-07,Tierra batida,56,A
94,2002-01-01,Dura,32,A
188,2021-04-04,Tierra batida,32,A
172,2009-10-10,Dura,56,M
85,2013-02-02,Tierra batida,28,A
196,2012-07-07,Tierra batida,28,A
94,2003-01-01,Dura,32,A
33,2012-12-12,Dura,32,A
152,2004-07-07,Dura,48,A
188,1992-04-04,Tierra batida,32,A
45,2022-10-10,Dura,32,A
136,2003-07-07,Tierra batida,32,A
26,2009-08-08,Dura,56,M
72,1996-03-03,Dura,32,A
203,1991-10-10,Dura,32,A
193,2014-03-03,Dura,96,M
136,1991-05-05,Tierra batida,32,A
202,2014-04-04,Tierra batida,28,A
192,2023-01-01,Dura,32,A
193,2019-03-03,Dura,128,M
186,2017-10-10,Dura,32,A
199,2013-02-02,Dura,32,A
12,2010-03-03,Dura,96,M
111,2004-08-08,Dura,32,A
94,2007-01-01,Dura,32,A
178,1993-09-09,Tierra batida,32,A
202,2019-04-04,Tierra batida,32,A
199,1991-02-02,Moqueta,32,A
9,2022-08-08,Dura,64,M
94,2010-01-01,Dura,28,A
120,2006-05-05,Tierra batida,64,M
164,1996-09-09,Moqueta,32,A
202,2001-04-04,Tierra batida,32,A
65,2014-04-04,Tierra batida,28,A
181,2003-05-05,Tierra batida,32,A
117,2018-10-10,Dura,32,A
180,2004-01-01,Dura,32,A
198,2018-05-05,Tierra batida,128,G
102,2023-06-06,Hierba,32,A
197,2013-11-11,Dura,8,F
67,2021-07-07,Tierra batida,32,A
175,2007-02-02,Dura,32,A
125,2001-01-01,Tierra batida,32,A
53,2011-01-01,Dura,28,A
131,2004-05-05,Tierra batida,64,A
89,2021-04-04,Tierra batida,64,A
172,2013-10-10,Dura,56,M
106,2002-08-08,Dura,128,G
190,2006-01-01,Dura,32,A
100,2007-06-06,Hierba,128,G
129,2018-12-12,Dura,32,A
11,1991-06-06,Tierra batida,32,A
110,2011-04-04,Tierra batida,28,A
29,2002-07-07,Tierra batida,32,A
184,1993-05-05,Tierra batida,32,A
72,1992-02-02,Dura,32,A
148,1999-05-05,Tierra batida,64,M
201,2016-02-02,Tierra batida,32,A
57,2003-02-02,Dura,32,A
185,2002-02-02,Dura,32,A
57,1993-03-03,Moqueta,32,A
160,1992-07-07,Tierra batida,48,A
161,1991-05-05,Tierra batida,32,A
172,2011-10-10,Dura,56,M
79,2021-10-10,Dura,32,A
45,2011-10-10,Dura,32,A
199,2011-02-02,Dura,32,A
177,2010-02-02,Tierra batida,32,A
156,1996-05-05,Tierra batida,32,A
186,2014-09-09,Dura,32,A
153,1999-04-04,Dura,32,A
1,2001-10-10,Moqueta,32,A
141,2013-09-09,Dura,28,A
83,2012-10-10,Dura,28,A
26,2002-08-08,Dura,64,M
202,2018-04-04,Tierra batida,32,A
47,2010-06-06,Hierba,56,A
169,2018-09-09,Dura,32,A
160,1991-07-07,Tierra batida,48,A
109,1997-08-08,Tierra batida,32,A
4,2021-11-11,Dura,64,M
101,2002-06-06,Hierba,32,A
186,2007-09-09,Dura,32,A
131,2000-05-05,Tierra batida,64,A
85,2020-02-02,Tierra batida,32,A
103,1994-04-04,Dura,56,A
189,2002-10-10,Dura,32,A
188,1998-04-04,Tierra batida,32,A
156,1997-05-05,Tierra batida,32,A
20,2007-06-06,Hierba,32,A
35,1996-01-01,Dura,128,G
1,2007-10-10,Moqueta,32,A
17,2022-04-04,Tierra batida,32,A
201,2008-02-02,Tierra batida,32,A
37,2008-04-04,Tierra batida,32,A
110,2012-04-04,Tierra batida,28,A
97,2023-02-02,Dura,32,A
45,1995-09-09,Dura,32,A
204,1998-03-03,Tierra batida,32,A
120,1991-05-05,Tierra batida,56,M
27,2010-05-05,Tierra batida,56,M
37,2006-04-04,Tierra batida,32,A
199,1994-02-02,Moqueta,32,A
89,2015-04-04,Tierra batida,48,A
4,2005-10-10,Moqueta,48,M
131,1997-05-05,Tierra batida,32,A
165,2007-08-08,Dura,48,A
112,2023-07-07,Hierba,32,A
1,1998-10-10,Moqueta,32,A
5,1999-08-08,Dura,32,A
89,2002-04-04,Tierra batida,56,A
118,2008-04-04,Tierra batida,56,M
100,2000-06-06,Hierba,128,G
22,1995-09-09,Dura,32,A
9,2021-08-08,Dura,64,M
198,2004-05-05,Tierra batida,128,G
143,1993-09-09,Dura,32,A
83,1999-11-11,Dura,32,A
35,1998-01-01,Dura,128,G
170,1994-10-10,Moqueta,48,A
33,1996-01-01,Dura,32,A
12,2018-03-03,Dura,128,M
101,2023-06-06,Hierba,32,A
31,1992-09-09,Tierra batida,32,A
188,1997-04-04,Tierra batida,32,A
189,2021-10-10,Dura,32,A
9,1994-07-07,Dura,56,M
194,1992-02-02,Dura,48,A
26,2003-08-08,Dura,64,M
4,2001-10-10,Moqueta,48,M
180,2000-01-01,Dura,32,A
94,2022-01-01,Dura,32,A
131,1991-05-05,Tierra batida,32,A
85,1998-11-11,Tierra batida,32,A
68,1994-03-03,Moqueta,32,A
10,1999-10-10,Dura,32,A
193,2021-10-10,Dura,128,M
29,2003-07-07,Tierra batida,32,A
202,2008-04-04,Tierra batida,32,A
118,2011-04-04,Tierra batida,56,M
100,2019-07-07,Hierba,128,G
80,1992-06-06,Hierba,32,A
12,2023-03-03,Dura,128,M
99,1997-06-06,Tierra batida,32,A
153,1993-04-04,Dura,32,A
179,2007-06-06,Hierba,32,A
41,2015-10-10,Dura,32,A
136,2009-07-07,Tierra batida,32,A
29,2004-07-07,Tierra batida,32,A
201,2010-02-02,Tierra batida,32,A
119,2022-07-07,Tierra batida,32,A
89,2005-04-04,Tierra batida,56,A
125,2000-03-03,Tierra batida,32,A
83,2006-10-10,Dura,32,A
148,2014-05-05,Tierra batida,56,M
26,2010-08-08,Dura,56,M
141,2009-09-09,Dura,28,A
119,2003-07-07,Tierra batida,32,A
208,2002-11-11,Dura,8,F
193,2023-03-03,Dura,128,M
171,2021-08-08,Dura,64,A
106,2018-08-08,Dura,128,G
72,2005-02-02,Dura,32,A
104,1998-09-09,Tierra batida,32,A
193,2002-03-03,Dura,64,M
65,2000-04-04,Tierra batida,32,A
135,2012-10-10,Dura,32,A
89,2000-04-04,Tierra batida,56,A
89,1993-04-04,Tierra batida,56,A
4,1996-10-10,Moqueta,48,M
208,2000-11-11,Dura,8,F
124,2014-09-09,Dura,28,A
174,1992-08-08,Dura,32,A
153,2000-10-10,Dura,32,A
67,1999-07-07,Tierra batida,48,A
65,2021-04-04,Tierra batida,32,A
179,2013-06-06,Hierba,28,A
48,2017-01-01,Dura,32,A
199,2006-02-02,Dura,32,A
196,2003-07-07,Tierra batida,32,A
10,2001-09-09,Dura,32,A
198,2014-05-05,Tierra batida,128,G
205,1993-02-02,Moqueta,32,A
185,2014-02-02,Dura,32,A
65,1991-04-04,Tierra batida,32,A
199,2007-02-02,Dura,32,A
162,2020-10-10,Tierra batida,32,A
81,1996-01-01,Moqueta,32,A
83,2019-10-10,Dura,32,A
50,1992-01-01,Dura,32,A
185,2007-02-02,Dura,32,A
208,2006-11-11,Dura,8,F
171,2012-08-08,Dura,48,A
197,2017-11-11,Dura,8,F
114,2012-09-09,Dura,28,A
107,1998-10-10,Moqueta,32,A
111,1998-07-07,Dura,56,A
147,2000-07-07,Tierra batida,32,A
79,2022-10-10,Dura,32,A
101,2016-06-06,Hierba,32,A
188,2011-04-04,Tierra batida,32,A
9,1992-07-07,Dura,56,M
167,1997-09-09,Moqueta,16,A
208,2003-11-11,Dura,8,F
1,2003-10-10,Moqueta,32,A
89,1991-04-04,Tierra batida,56,A
177,2007-02-02,Tierra batida,32,A
57,1996-03-03,Moqueta,32,A
65,2003-04-04,Tierra batida,32,A
114,2013-09-09,Dura,28,A
194,1996-02-02,Dura,48,A
38,2014-02-02,Dura,32,A
32,2008-05-05,Tierra batida,32,A
141,2006-09-09,Dura,32,A
57,1991-03-03,Moqueta,32,A
112,1993-07-07,Hierba,32,A
190,2022-02-02,Dura,32,A
194,2004-02-02,Dura,32,A
85,1994-10-10,Tierra batida,32,A
45,1991-09-09,Dura,32,A
33,2020-01-01,Dura,32,A
106,2012-08-08,Dura,128,G
33,2001-01-01,Dura,32,A
128,1994-04-04,Tierra batida,32,A
48,1997-04-04,Dura,32,A
12,2013-03-03,Dura,96,M
112,2009-07-07,Hierba,32,A
12,1995-03-03,Dura,96,M
136,1995-08-08,Tierra batida,32,A
76,1994-06-06,Tierra batida,32,A
198,2008-05-05,Tierra batida,128,G
3,2012-05-05,Tierra batida,28,A
7,2005-09-09,Tierra batida,32,A
129,2010-01-01,Dura,32,A
85,2011-01-01,Tierra batida,32,A
201,2004-02-02,Tierra batida,32,A
196,2018-07-07,Tierra batida,32,A
85,1997-11-11,Tierra batida,32,A
194,1995-02-02,Dura,48,A
83,1997-11-11,Dura,32,A
141,2010-09-09,Dura,28,A
163,1994-04-04,Tierra batida,32,A
81,1997-01-01,Moqueta,32,A
53,2000-01-01,Dura,32,A
87,2022-02-02,Dura,32,A
163,2014-07-07,Dura,28,A
98,2016-02-02,Dura,32,A
58,2006-02-02,Dura,32,A
104,1999-09-09,Tierra batida,32,A
198,1992-05-05,Tierra batida,128,G
188,2013-04-04,Tierra batida,28,A
153,1996-04-04,Dura,32,A
119,1992-07-07,Tierra batida,32,A
193,2016-03-03,Dura,128,M
45,2017-10-10,Dura,32,A
2,1996-10-10,Dura,32,A
118,2009-04-04,Tierra batida,56,M
112,2004-07-07,Hierba,32,A
185,2004-03-03,Dura,32,A
199,2002-02-02,Dura,32,A
179,2011-06-06,Hierba,32,A
101,2008-06-06,Hierba,32,A
89,2012-04-04,Tierra batida,56,A
198,2001-05-05,Tierra batida,128,G
160,1999-07-07,Tierra batida,48,A
70,2008-01-01,Tierra batida,32,A
176,2023-08-08,Dura,128,G
73,2022-01-01,Dura,32,A
119,2015-07-07,Tierra batida,28,A
117,2005-10-10,Moqueta,32,A
187,2020-09-09,Tierra batida,32,A
43,2013-02-02,Tierra batida,28,A
118,1991-04-04,Tierra batida,56,M
65,2007-04-04,Tierra batida,32,A
98,1993-02-02,Moqueta,32,A
196,2022-07-07,Tierra batida,32,A
186,1997-09-09,Dura,32,A
26,1996-08-08,Dura,56,M
111,2012-07-07,Dura,32,A
33,2002-12-12,Dura,32,A
12,2009-03-03,Dura,96,M
115,1994-03-03,Dura,32,A
163,1993-04-04,Tierra batida,32,A
106,2010-08-08,Dura,128,G
178,1995-09-09,Tierra batida,32,A
163,2000-04-04,Tierra batida,32,A
187,2018-07-07,Tierra batida,32,A
95,2003-09-09,Dura,32,A
26,2000-08-08,Dura,64,M
199,2022-02-02,Dura,32,A
196,2014-07-07,Tierra batida,28,A
45,1998-10-10,Dura,32,A
38,2019-02-02,Dura,32,A
101,2004-06-06,Hierba,32,A
119,2009-07-07,Tierra batida,28,A
41,2003-10-10,Dura,32,A
177,2003-09-09,Dura,32,A
83,2010-10-10,Dura,28,A
43,1991-11-11,Dura,32,A
20,2015-06-06,Hierba,48,A
187,2011-07-07,Tierra batida,48,A
118,1994-04-04,Tierra batida,64,M
37,2007-04-04,Tierra batida,32,A
58,2012-02-02,Dura,28,A
120,2001-05-05,Tierra batida,64,M
136,2016-07-07,Tierra batida,32,A
199,1993-02-02,Moqueta,32,A
118,2012-04-04,Tierra batida,56,M
3,2011-05-05,Tierra batida,28,A
137,1992-04-04,Tierra batida,32,A
106,2003-08-08,Dura,128,G
163,2001-04-04,Tierra batida,32,A
185,2015-02-02,Dura,32,A
189,2010-10-10,Dura,32,A
189,2000-11-11,Dura,32,A
185,2003-02-02,Dura,32,A
181,1998-05-05,Tierra batida,32,A
33,2011-01-01,Dura,32,A
187,2014-07-07,Tierra batida,48,A
50,1996-01-01,Dura,32,A
206,1995-02-02,Tierra batida,32,A
2,1991-09-09,Dura,32,A
89,2022-04-04,Tierra batida,64,A
186,2013-09-09,Dura,32,A
135,2007-10-10,Dura,48,A
135,1998-04-04,Dura,56,A
58,2008-02-02,Dura,32,A
47,2008-06-06,Hierba,56,A
148,2017-05-05,Tierra batida,64,M
47,2013-06-06,Hierba,56,A
76,1992-06-06,Tierra batida,32,A
10,2004-09-09,Dura,32,A
136,2012-07-07,Tierra batida,28,A
26,2005-08-08,Dura,64,M
43,2015-02-02,Tierra batida,28,A
58,1999-02-02,Dura,32,A
179,2001-06-06,Hierba,32,A
6,2021-09-09,Dura,32,A
186,2018-10-10,Dura,32,A
99,1991-05-05,Tierra batida,32,A
177,2008-02-02,Tierra batida,32,A
196,2015-07-07,Tierra batida,28,A
100,2022-06-06,Hierba,128,G
106,1995-08-08,Dura,128,G
188,2023-04-04,Tierra batida,32,A
119,1991-07-07,Tierra batida,32,A
180,2001-01-01,Dura,32,A
204,2003-04-04,Tierra batida,32,A
148,2000-05-05,Tierra batida,64,M
136,2010-07-07,Tierra batida,28,A
148,2011-05-05,Tierra batida,56,M
194,2014-02-02,Dura,28,A
188,1994-04-04,Tierra batida,32,A
118,2023-04-04,Tierra batida,64,M
12,1991-03-03,Dura,96,M
201,1995-11-11,Tierra batida,32,A
26,1991-08-08,Dura,56,M
109,1995-08-08,Tierra batida,32,A
167,1998-09-09,Dura,16,A
199,1997-03-03,Moqueta,32,A
9,2002-07-07,Dura,64,M
165,2005-08-08,Dura,48,A
186,2008-09-09,Dura,28,A
202,2015-04-04,Tierra batida,28,A
181,2002-05-05,Tierra batida,32,A
171,2023-08-08,Dura,64,A
111,2002-08-08,Dura,56,A
22,1992-09-09,Tierra batida,32,A
178,2004-09-09,Tierra batida,32,A
161,1992-05-05,Tierra batida,32,A
46,2006-07-07,Dura,32,A
25,2013-07-07,Tierra batida,28,A
141,2007-09-09,Dura,32,A
198,2022-05-05,Tierra batida,128,G
35,2005-01-01,Dura,128,G
46,2007-07-07,Dura,32,A
199,2014-02-02,Dura,32,A
41,2004-10-10,Dura,32,A
35,2016-01-01,Dura,128,G
106,1993-08-08,Dura,128,G
195,2021-02-02,Dura,12,A
78,2002-07-07,Tierra batida,32,A
136,2002-07-07,Tierra batida,32,A
85,2021-03-03,Tierra batida,32,A
196,2001-07-07,Tierra batida,32,A
25,2002-07-07,Tierra batida,32,A
4,2015-11-11,Dura,48,M
140,2017-04-04,Tierra batida,32,A
202,2006-04-04,Tierra batida,32,A
152,2003-07-07,Dura,48,A
97,2020-02-02,Dura,32,A
211,2020-10-10,Dura,32,A
59,2018-02-02,Tierra batida,32,A
72,2001-03-03,Dura,32,A
111,2007-07-07,Dura,48,A
3,2014-05-05,Tierra batida,28,A
25,2023-06-06,Hierba,32,A
35,1999-01-01,Dura,128,G
57,1994-02-02,Moqueta,32,A
135,2008-09-09,Dura,48,A
12,2017-03-03,Dura,128,M
83,2009-10-10,Dura,32,A
163,2012-07-07,Dura,28,A
83,2016-10-10,Dura,32,A
199,2020-02-02,Dura,32,A
111,2006-07-07,Dura,48,A
201,2007-02-02,Tierra batida,32,A
25,2019-06-06,Hierba,32,A
45,2010-11-11,Dura,32,A
2,1994-10-10,Dura,32,A
194,2013-02-02,Dura,32,A
185,2010-02-02,Dura,32,A
41,2020-10-10,Dura,32,A
106,2008-08-08,Dura,128,G
185,2023-02-02,Dura,32,A
148,2015-05-05,Tierra batida,56,M
163,2022-07-07,Dura,32,A
45,2015-10-10,Dura,32,A
33,2023-02-02,Dura,32,A
89,2007-04-04,Tierra batida,56,A
120,1993-05-05,Tierra batida,56,M
23,1996-04-04,Dura,32,A
48,2012-01-01,Dura,28,A
46,1992-08-08,Dura,32,A
112,2018-07-07,Hierba,32,A
96,2020-11-11,Dura,32,A
101,2010-06-06,Hierba,28,A
67,1992-07-07,Tierra batida,48,A
89,1994-04-04,Tierra batida,56,A
181,1997-05-05,Tierra batida,32,A
97,2018-02-02,Dura,32,A
98,2022-02-02,Dura,32,A
89,2023-04-04,Tierra batida,64,A
25,2017-06-06,Hierba,32,A
201,2021-03-03,Tierra batida,32,A
106,1998-08-08,Dura,128,G
129,2012-01-01,Dura,32,A
78,2006-07-07,Tierra batida,32,A
201,2001-02-02,Tierra batida,32,A
187,2021-07-07,Tierra batida,32,A
122,1998-08-08,Dura,32,A
95,2009-09-09,Dura,28,A
50,1994-01-01,Dura,32,A
185,1998-02-02,Dura,32,A
173,2017-07-07,Dura,32,A
17,2016-04-04,Tierra batida,32,A
118,2001-04-04,Tierra batida,64,M
204,2009-04-04,Tierra batida,32,A
47,1993-06-06,Hierba,56,A
47,1996-06-06,Hierba,56,A
112,2011-07-07,Hierba,32,A
46,1996-07-07,Dura,32,A
163,2013-07-07,Dura,28,A
38,2017-02-02,Dura,32,A
148,2010-04-04,Tierra batida,56,M
12,1994-03-03,Dura,96,M
58,2002-02-02,Dura,32,A
54,2021-02-02,Dura,64,A
112,1996-07-07,Hierba,32,A
186,2009-10-10,Dura,32,A
101,1999-06-06,Hierba,32,A
204,1999-03-03,Tierra batida,32,A
2,1993-10-10,Dura,32,A
198,2020-09-09,Tierra batida,128,G
199,2018-02-02,Dura,32,A
65,1996-04-04,Tierra batida,32,A
49,2022-10-10,Dura,32,A
20,1996-06-06,Hierba,32,A
119,2002-07-07,Tierra batida,32,A
147,1998-08-08,Tierra batida,32,A
40,2021-07-07,Dura,64,A
98,2001-02-02,Dura,32,A
141,2011-09-09,Dura,28,A
203,2022-09-09,Dura,32,A
27,2012-05-05,Tierra batida,56,M
26,2007-08-08,Dura,56,M
35,2015-01-01,Dura,128,G
41,2019-10-10,Dura,32,A
27,2014-05-05,Tierra batida,56,M
209,1993-08-08,Tierra batida,32,A
91,1991-09-09,Tierra batida,32,A
179,1995-06-06,Hierba,32,A
105,1996-06-06,Tierra batida,32,A
58,2007-02-02,Dura,32,A
46,2010-07-07,Dura,28,A
94,2015-01-01,Dura,28,A
56,2016-02-02,Tierra batida,32,A
7,2003-09-09,Tierra batida,32,A
89,2019-04-04,Tierra batida,64,A
120,2002-05-05,Tierra batida,64,M
118,1998-04-04,Tierra batida,56,M
78,2001-07-07,Tierra batida,32,A
179,2006-06-06,Hierba,32,A
194,1994-02-02,Dura,48,A
188,2005-04-04,Tierra batida,32,A
201,2023-02-02,Tierra batida,32,A
179,2022-06-06,Hierba,32,A
173,2019-07-07,Dura,32,A
97,2010-10-10,Dura,28,A
114,2015-09-09,Dura,28,A
185,2000-02-02,Dura,32,A
152,1996-08-08,Dura,56,A
37,2011-10-10,Dura,32,A
98,2014-02-02,Dura,28,A
124,2018-09-09,Dura,32,A
171,2019-08-08,Dura,64,A
65,1993-03-03,Tierra batida,32,A
202,2011-04-04,Tierra batida,28,A
89,2014-04-04,Tierra batida,48,A
97,2016-02-02,Dura,32,A
179,2000-06-06,Hierba,32,A
70,2002-02-02,Tierra batida,32,A
186,1993-10-10,Moqueta,32,A
67,2005-07-07,Tierra batida,48,A
83,2007-10-10,Dura,32,A
197,2022-11-11,Dura,8,F
100,2006-06-06,Hierba,128,G
101,2009-06-06,Hierba,32,A
37,2013-10-10,Dura,32,A
17,2019-04-04,Tierra batida,32,A
146,2001-10-10,Dura,48,M
114,1995-10-10,Moqueta,32,A
4,2019-10-10,Dura,64,M
205,1992-02-02,Moqueta,32,A
89,2013-04-04,Tierra batida,48,A
2,1998-09-09,Dura,32,A
2,1992-10-10,Dura,32,A
118,2018-04-04,Tierra batida,64,M
198,2011-05-05,Tierra batida,128,G
199,2001-02-02,Dura,32,A
194,2017-02-02,Dura,32,A
165,1992-08-08,Dura,56,A
100,1992-06-06,Hierba,128,G
83,2018-10-10,Dura,32,A
135,2005-10-10,Dura,48,A
185,1993-02-02,Dura,32,A
193,2008-03-03,Dura,96,M
185,2006-02-02,Dura,32,A
123,2017-09-09,Dura,8,A
25,2016-06-06,Hierba,32,A
119,1997-07-07,Tierra batida,32,A
136,2000-07-07,Tierra batida,32,A
119,2008-07-07,Tierra batida,28,A
208,2008-11-11,Dura,8,F
206,1997-10-10,Tierra batida,32,A
80,1995-06-06,Hierba,32,A
120,2005-05-05,Tierra batida,64,M
125,2014-07-07,Dura,28,A
111,2018-07-07,Dura,64,A
198,2002-05-05,Tierra batida,128,G
152,1994-08-08,Dura,56,A
48,2002-12-12,Dura,32,A
39,1998-02-02,Moqueta,32,A
181,1995-06-06,Tierra batida,32,A
53,2018-01-01,Dura,32,A
201,2009-02-02,Tierra batida,32,A
140,2019-04-04,Tierra batida,32,A
9,2009-08-08,Dura,56,M
135,2022-10-10,Dura,32,A
12,1993-03-03,Dura,96,M
186,2006-09-09,Dura,32,A
94,2018-01-01,Dura,32,A
43,2019-02-02,Tierra batida,32,A
70,2006-01-01,Tierra batida,32,A
197,2014-11-11,Dura,8,F
38,2011-02-02,Tierra batida,32,A
4,2022-10-10,Dura,64,M
179,1993-06-06,Hierba,32,A
111,1994-07-07,Dura,56,A
206,1996-03-03,Tierra batida,32,A
180,2007-01-01,Dura,32,A
35,1993-01-01,Dura,128,G
3,2010-05-05,Tierra batida,28,A
94,2011-01-01,Dura,28,A
193,1995-03-03,Dura,56,M
41,1999-10-10,Dura,32,A
53,2015-01-01,Dura,28,A
47,1992-06-06,Hierba,56,A
199,2016-02-02,Dura,32,A
119,2006-07-07,Tierra batida,32,A
151,2023-02-02,Tierra batida,32,A
112,1991-07-07,Hierba,32,A
130,2021-05-05,Tierra batida,32,A
190,2015-02-02,Dura,32,A
19,1991-09-09,Tierra batida,32,A
102,2010-06-06,Hierba,32,A
1,1995-10-10,Moqueta,32,A
122,1995-08-08,Dura,32,A
185,2013-02-02,Dura,32,A
98,2015-02-02,Dura,28,A
83,2015-10-10,Dura,28,A
57,2000-02-02,Dura,32,A
147,1997-07-07,Tierra batida,32,A
148,2013-05-05,Tierra batida,56,M
20,2005-06-06,Hierba,32,A
180,2001-12-12,Dura,32,A
189,1997-03-03,Moqueta,32,A
104,2023-06-06,Hierba,32,A
139,2020-10-10,Dura,32,A
35,2019-01-01,Dura,128,G
106,2006-08-08,Dura,128,G
27,2005-10-10,Dura,48,M
45,1992-09-09,Dura,32,A
24,2021-02-02,Tierra batida,32,A
96,2022-09-09,Dura,32,A
165,2009-08-08,Dura,48,A
95,2022-09-09,Dura,32,A
3,1994-04-04,Tierra batida,32,A
198,2023-05-05,Tierra batida,128,G
165,1997-08-08,Dura,56,A
12,2011-03-03,Dura,96,M
100,1991-06-06,Hierba,128,G
153,1991-04-04,Dura,32,A
89,2018-04-04,Tierra batida,64,A
131,2003-05-05,Tierra batida,64,A
53,1996-01-01,Dura,32,A
148,1993-05-05,Tierra batida,64,M
157,2016-08-08,Dura,64,A
109,1999-08-08,Tierra batida,32,A
19,2019-05-05,Tierra batida,32,A
3,2013-05-05,Tierra batida,28,A
26,2021-08-08,Dura,64,M
46,2008-08-08,Dura,28,A
131,2006-05-05,Tierra batida,32,A
171,2016-08-08,Dura,64,A
101,2015-06-06,Hierba,28,A
164,1998-10-10,Moqueta,32,A
166,2023-01-01,Dura,32,A
190,2005-01-01,Dura,32,A
108,2001-09-09,Dura,32,A
101,2017-06-06,Hierba,32,A
48,2000-01-01,Dura,32,A
26,2017-08-08,Dura,64,M
179,1996-06-06,Hierba,32,A
160,2000-07-07,Tierra batida,32,A
56,2017-02-02,Tierra batida,32,A
25,2005-07-07,Tierra batida,48,A
189,1996-03-03,Moqueta,32,A
34,1994-02-02,Moqueta,32,A
131,1996-05-05,Tierra batida,32,A
67,1998-07-07,Tierra batida,48,A
119,2016-07-07,Tierra batida,32,A
53,1993-01-01,Dura,32,A
174,1991-08-08,Dura,32,A
119,2004-07-07,Tierra batida,32,A
111,1995-07-07,Dura,56,A
147,1996-07-07,Tierra batida,32,A
26,1992-08-08,Dura,56,M
47,2009-06-06,Hierba,56,A
61,1991-02-02,Moqueta,32,A
25,2018-06-06,Hierba,32,A
119,1996-07-07,Tierra batida,32,A
109,1996-08-08,Tierra batida,32,A
111,2001-08-08,Dura,56,A
28,2019-02-02,Dura,32,A
177,2009-02-02,Tierra batida,32,A
112,2001-07-07,Hierba,32,A
148,2002-05-05,Tierra batida,64,M
45,2006-10-10,Moqueta,32,A
67,2020-09-09,Tierra batida,32,A
47,2006-06-06,Hierba,56,A
7,2001-09-09,Tierra batida,32,A
131,2013-05-05,Tierra batida,28,A
118,2014-04-04,Tierra batida,56,M
160,1998-07-07,Tierra batida,48,A
208,2001-11-11,Dura,8,F
1,1994-10-10,Moqueta,32,A
95,2017-09-09,Dura,32,A
10,2003-09-09,Dura,32,A
205,1991-02-02,Moqueta,32,A
7,1992-09-09,Tierra batida,32,A
196,2019-07-07,Tierra batida,32,A
178,1994-09-09,Tierra batida,32,A
196,2010-07-07,Tierra batida,32,A
125,1998-11-11,Tierra batida,32,A
46,2003-07-07,Dura,32,A
192,2018-01-01,Dura,32,A
136,2019-07-07,Tierra batida,32,A
125,1995-09-09,Tierra batida,32,A
196,2004-07-07,Tierra batida,32,A
136,1998-07-07,Tierra batida,32,A
120,2000-05-05,Tierra batida,64,M
47,2011-06-06,Hierba,56,A
47,2022-06-06,Hierba,32,A
205,2002-01-01,Moqueta,32,A
203,1993-10-10,Dura,32,A
2,1999-09-09,Dura,32,A
116,1998-04-04,Tierra batida,32,A
4,2004-11-11,Moqueta,48,M
41,1991-10-10,Moqueta,32,A
190,2014-02-02,Dura,32,A
27,2023-04-04,Tierra batida,128,M
76,1993-06-06,Tierra batida,32,A
109,1994-08-08,Tierra batida,32,A
118,2005-04-04,Tierra batida,64,M
4,2003-10-10,Moqueta,48,M
190,2013-02-02,Dura,32,A
41,1994-10-10,Moqueta,32,A
195,2020-01-01,Dura,24,A
85,1993-10-10,Tierra batida,32,A
194,2007-02-02,Dura,32,A
136,1999-07-07,Tierra batida,32,A
12,2005-03-03,Dura,96,M
81,2014-02-02,Dura,28,A
83,2005-10-10,Dura,32,A
74,1997-09-09,Tierra batida,32,A
187,2023-07-07,Tierra batida,32,A
67,2007-07-07,Tierra batida,48,A
163,2017-07-07,Dura,32,A
23,1994-04-04,Dura,32,A
167,1994-12-12,Moqueta,16,A
35,2004-01-01,Dura,128,G
148,2023-05-05,Tierra batida,128,M
67,2016-07-07,Tierra batida,32,A
131,1999-05-05,Tierra batida,64,A
47,2001-06-06,Hierba,56,A
106,1994-08-08,Dura,128,G
90,1992-10-10,Dura,48,A
136,2015-07-07,Tierra batida,28,A
19,2015-05-05,Tierra batida,28,A
38,2005-02-02,Tierra batida,32,A
186,2011-10-10,Dura,32,A
94,2012-01-01,Dura,28,A
59,2016-02-02,Tierra batida,32,A
125,1994-09-09,Tierra batida,32,A
117,1994-11-11,Moqueta,32,A
38,2002-02-02,Tierra batida,32,A
112,2010-07-07,Hierba,32,A
83,2003-10-10,Dura,32,A
108,1999-09-09,Dura,32,A
35,2001-01-01,Dura,128,G
9,2004-07-07,Dura,64,M
177,2002-09-09,Dura,32,A
161,1993-04-04,Tierra batida,32,A
45,2014-10-10,Dura,32,A
35,2023-01-01,Dura,128,G
135,2011-10-10,Dura,32,A
13,2009-02-02,Dura,32,A
185,1996-02-02,Dura,32,A
72,1994-02-02,Dura,32,A
190,2004-09-09,Dura,32,A
194,2000-02-02,Dura,48,A
179,2004-06-06,Hierba,32,A
74,1996-09-09,Tierra batida,32,A
11,1992-06-06,Tierra batida,32,A
58,2000-02-02,Dura,32,A
83,2021-11-11,Dura,32,A
53,2016-01-01,Dura,32,A
185,2018-02-02,Dura,32,A
76,2022-10-10,Dura,32,A
113,1991-02-02,Moqueta,32,A
47,2007-06-06,Hierba,56,A
94,2016-01-01,Dura,32,A
152,1997-08-08,Dura,56,A
45,2016-10-10,Dura,32,A
53,2010-01-01,Dura,28,A
119,1994-07-07,Tierra batida,32,A
45,2000-10-10,Moqueta,32,A
131,2012-05-05,Tierra batida,64,A
67,2004-07-07,Tierra batida,48,A
146,1996-10-10,Moqueta,48,M
197,1997-11-11,Dura,10,F
7,1995-09-09,Tierra batida,32,A
33,2018-01-01,Dura,32,A
25,2001-07-07,Tierra batida,48,A
164,1999-10-10,Dura,32,A
100,1997-06-06,Hierba,128,G
48,2016-01-01,Dura,32,A
1,2009-10-10,Dura,32,A
23,1991-04-04,Dura,32,A
123,2021-09-09,Dura,8,A
189,2012-09-09,Dura,32,A
137,1994-04-04,Tierra batida,32,A
48,2004-01-01,Dura,32,A
27,2021-05-05,Tierra batida,64,M
46,1991-07-07,Dura,32,A
121,2019-11-11,Dura,8,F
45,2008-10-10,Dura,32,A
12,2002-03-03,Dura,96,M
94,2009-01-01,Dura,28,A
190,2007-01-01,Dura,32,A
51,1992-11-11,Dura,32,A
140,2018-04-04,Tierra batida,32,A
38,2010-02-02,Tierra batida,32,A
212,1992-02-02,Moqueta,32,A
86,2008-08-08,Dura,64,A
4,1994-10-10,Moqueta,48,M
25,2022-06-06,Hierba,32,A
70,2009-02-02,Tierra batida,28,A
46,1999-07-07,Dura,32,A
204,2011-04-04,Tierra batida,28,A
116,1991-04-04,Dura,32,A
204,1996-03-03,Tierra batida,32,A
109,1992-07-07,Tierra batida,32,A
163,1999-04-04,Tierra batida,32,A
41,1997-10-10,Moqueta,32,A
177,2005-02-02,Tierra batida,32,A
133,2017-05-05,Tierra batida,32,A
117,2015-10-10,Dura,28,A
201,2020-02-02,Tierra batida,32,A
199,1998-03-03,Moqueta,32,A
201,2022-02-02,Tierra batida,32,A
99,1998-06-06,Tierra batida,32,A
117,2011-10-10,Dura,28,A
160,1994-07-07,Tierra batida,48,A
199,2015-02-02,Dura,32,A
120,2003-05-05,Tierra batida,64,M
38,2016-02-02,Dura,32,A
110,2009-05-05,Tierra batida,28,A
95,2016-09-09,Dura,32,A
122,2003-08-08,Dura,32,A
186,2016-10-10,Dura,32,A
118,2010-04-04,Tierra batida,56,M
35,2021-02-02,Dura,128,G
114,2009-09-09,Dura,28,A
129,2016-01-01,Dura,32,A
148,1995-05-05,Tierra batida,64,M
10,2000-10-10,Dura,32,A
101,2012-06-06,Hierba,32,A
193,2013-03-03,Dura,96,M
35,2003-01-01,Dura,128,G
131,1994-05-05,Tierra batida,32,A
106,2017-08-08,Dura,128,G
98,1995-02-02,Moqueta,32,A
173,2016-08-08,Dura,32,A
100,2004-06-06,Hierba,128,G
180,1996-12-12,Dura,32,A
183,1994-06-06,Hierba,32,A
124,2016-09-09,Dura,32,A
178,2015-04-04,Tierra batida,28,A
111,1999-08-08,Dura,56,A
32,2006-05-05,Tierra batida,32,A
45,1999-10-10,Moqueta,32,A
